csv_path,round_num,tick,seconds_in_round,bomb_planted,lstm_probability,ridge_probability,delta_from_prev,ridge_delta_from_prev,ct_win,xgboost_probability,lstm_abs_error,xgboost_abs_error,closer_model,probability_delta_lstm_minus_xgboost,active_smoke_inferno,utility_damage,recent_utility_last_5s,flash_effect_present,active_recent_utility,strong_utility_action,active_smoke_count,active_inferno_count,utility_damage_sum,recent_utility_count,flash_effect_sum
processed_full/blast_austin_major/blasttv-austin-major-2025-furia-vs-virtuspro-bo3-E_bOFuD3YUjLJCO2xRj0mq/furia-vs-virtus-pro-m1-mirage.csv,2,10608,0.0,0,0.2842711210250854,0.28426906,0.0,0.0,1,0.3012830317020416,0.7157288789749146,0.6987169682979584,xgboost,-0.0170119106769562,False,False,False,True,True,False,0,0,0.0,0,153.0
processed_full/blast_austin_major/blasttv-austin-major-2025-furia-vs-virtuspro-bo3-E_bOFuD3YUjLJCO2xRj0mq/furia-vs-virtus-pro-m1-mirage.csv,2,10640,0.5,0,0.2354138493537902,0.23541977,-0.0488572716712951,-0.0488493,1,0.2994973957538605,0.7645861506462098,0.7005026042461395,xgboost,-0.0640835464000702,False,False,False,True,True,False,0,0,0.0,0,153.0
processed_full/blast_austin_major/blasttv-austin-major-2025-furia-vs-virtuspro-bo3-E_bOFuD3YUjLJCO2xRj0mq/furia-vs-virtus-pro-m1-mirage.csv,2,10672,1.0,0,0.2257930189371109,0.22577904,-0.0096208304166793,-0.0096407235,1,0.3014286160469055,0.7742069810628891,0.6985713839530945,xgboost,-0.0756355971097946,False,False,True,True,True,True,0,0,0.0,1,153.0
processed_full/blast_austin_major/blasttv-austin-major-2025-furia-vs-virtuspro-bo3-E_bOFuD3YUjLJCO2xRj0mq/furia-vs-virtus-pro-m1-mirage.csv,2,10704,1.5,0,0.215695708990097,0.21573807,-0.0100973099470138,-0.010040969,1,0.3014286160469055,0.784304291009903,0.6985713839530945,xgboost,-0.0857329070568085,False,False,True,True,True,True,0,0,0.0,1,153.0
processed_full/blast_austin_major/blasttv-austin-major-2025-furia-vs-virtuspro-bo3-E_bOFuD3YUjLJCO2xRj0mq/furia-vs-virtus-pro-m1-mirage.csv,2,10736,2.0,0,0.2129167914390564,0.2129147,-0.0027789175510406,-0.0028233677,1,0.3014286160469055,0.7870832085609436,0.6985713839530945,xgboost,-0.0885118246078491,False,False,True,True,True,True,0,0,0.0,1,153.0
processed_full/blast_austin_major/blasttv-austin-major-2025-furia-vs-virtuspro-bo3-E_bOFuD3YUjLJCO2xRj0mq/furia-vs-virtus-pro-m1-mirage.csv,2,10768,2.5,0,0.2195976376533508,0.2195884,0.0066808462142944,0.0066736937,1,0.3014286160469055,0.7804023623466492,0.6985713839530945,xgboost,-0.0818309783935547,False,False,True,True,True,True,0,0,0.0,1,153.0
processed_full/blast_austin_major/blasttv-austin-major-2025-furia-vs-virtuspro-bo3-E_bOFuD3YUjLJCO2xRj0mq/furia-vs-virtus-pro-m1-mirage.csv,2,10800,3.0,0,0.2301978170871734,0.23018108,0.0106001794338226,0.010592684,1,0.3014286160469055,0.7698021829128265,0.6985713839530945,xgboost,-0.0712307989597321,False,False,True,True,True,True,0,0,0.0,1,153.0
processed_full/blast_austin_major/blasttv-austin-major-2025-furia-vs-virtuspro-bo3-E_bOFuD3YUjLJCO2xRj0mq/furia-vs-virtus-pro-m1-mirage.csv,2,10832,3.5,0,0.2394162118434906,0.2394324,0.0092183947563171,0.009251311,1,0.3014286160469055,0.7605837881565094,0.6985713839530945,xgboost,-0.0620124042034149,False,False,True,True,True,True,0,0,0.0,1,153.0
processed_full/blast_austin_major/blasttv-austin-major-2025-furia-vs-virtuspro-bo3-E_bOFuD3YUjLJCO2xRj0mq/furia-vs-virtus-pro-m1-mirage.csv,2,10864,4.0,0,0.249655932188034,0.24964911,0.0102397203445434,0.010216713,1,0.302701860666275,0.7503440678119659,0.697298139333725,xgboost,-0.053045928478241,False,False,True,True,True,True,0,0,0.0,1,153.0
processed_full/blast_austin_major/blasttv-austin-major-2025-furia-vs-virtuspro-bo3-E_bOFuD3YUjLJCO2xRj0mq/furia-vs-virtus-pro-m1-mirage.csv,2,10896,4.5,0,0.26437908411026,0.26441526,0.0147231519222259,0.014766157,1,0.302701860666275,0.73562091588974,0.697298139333725,xgboost,-0.038322776556015,False,False,True,True,True,True,0,0,0.0,1,153.0
processed_full/blast_austin_major/blasttv-austin-major-2025-furia-vs-virtuspro-bo3-E_bOFuD3YUjLJCO2xRj0mq/furia-vs-virtus-pro-m1-mirage.csv,2,10928,5.0,0,0.3030281960964203,0.30298537,0.0386491119861602,0.038570106,1,0.302701860666275,0.6969718039035797,0.697298139333725,lstm,0.0003263354301452,False,False,True,True,True,True,0,0,0.0,1,153.0
processed_full/blast_austin_major/blasttv-austin-major-2025-furia-vs-virtuspro-bo3-E_bOFuD3YUjLJCO2xRj0mq/furia-vs-virtus-pro-m1-mirage.csv,2,10960,5.5,0,0.3164583444595337,0.31646955,0.0134301483631134,0.01348418,1,0.302701860666275,0.6835416555404663,0.697298139333725,lstm,0.0137564837932586,False,False,True,True,True,True,0,0,0.0,1,153.0
processed_full/blast_austin_major/blasttv-austin-major-2025-furia-vs-virtuspro-bo3-E_bOFuD3YUjLJCO2xRj0mq/furia-vs-virtus-pro-m1-mirage.csv,2,10992,6.0,0,0.2714342474937439,0.2714177,-0.0450240969657897,-0.045051843,1,0.302701860666275,0.7285657525062561,0.697298139333725,xgboost,-0.0312676131725311,False,False,False,True,True,False,0,0,0.0,0,153.0
processed_full/blast_austin_major/blasttv-austin-major-2025-furia-vs-virtuspro-bo3-E_bOFuD3YUjLJCO2xRj0mq/furia-vs-virtus-pro-m1-mirage.csv,2,11024,6.5,0,0.2251587212085724,0.22518046,-0.0462755262851715,-0.046237245,1,0.2972241938114166,0.7748412787914276,0.7027758061885834,xgboost,-0.0720654726028442,False,False,False,True,True,False,0,0,0.0,0,153.0
processed_full/blast_austin_major/blasttv-austin-major-2025-furia-vs-virtuspro-bo3-E_bOFuD3YUjLJCO2xRj0mq/furia-vs-virtus-pro-m1-mirage.csv,2,11056,7.0,0,0.19573575258255,0.19573957,-0.0294229686260223,-0.029440895,1,0.2972241938114166,0.80426424741745,0.7027758061885834,xgboost,-0.1014884412288666,False,False,False,True,True,False,0,0,0.0,0,153.0
processed_full/blast_austin_major/blasttv-austin-major-2025-furia-vs-virtuspro-bo3-E_bOFuD3YUjLJCO2xRj0mq/furia-vs-virtus-pro-m1-mirage.csv,2,11088,7.5,0,0.2130293399095535,0.2130259,0.0172935873270034,0.01728633,1,0.3699672818183899,0.7869706600904465,0.6300327181816101,xgboost,-0.1569379419088364,False,False,False,True,True,False,0,0,0.0,0,153.0
processed_full/blast_austin_major/blasttv-austin-major-2025-furia-vs-virtuspro-bo3-E_bOFuD3YUjLJCO2xRj0mq/furia-vs-virtus-pro-m1-mirage.csv,2,11120,8.0,0,0.2242917716503143,0.22427757,0.0112624317407608,0.011251673,1,0.3699672818183899,0.7757082283496857,0.6300327181816101,xgboost,-0.1456755101680756,False,False,False,True,True,False,0,0,0.0,0,153.0
processed_full/blast_austin_major/blasttv-austin-major-2025-furia-vs-virtuspro-bo3-E_bOFuD3YUjLJCO2xRj0mq/furia-vs-virtus-pro-m1-mirage.csv,2,11152,8.5,0,0.2236618995666504,0.22366774,-0.0006298720836639,-0.00060983,1,0.3697369992733001,0.7763381004333496,0.6302630007266998,xgboost,-0.1460750997066497,True,False,False,True,True,True,1,0,0.0,0,153.0
processed_full/blast_austin_major/blasttv-austin-major-2025-furia-vs-virtuspro-bo3-E_bOFuD3YUjLJCO2xRj0mq/furia-vs-virtus-pro-m1-mirage.csv,2,11184,9.0,0,0.2121276408433914,0.2121255,-0.0115342587232589,-0.011542246,1,0.3697369992733001,0.7878723591566086,0.6302630007266998,xgboost,-0.1576093584299087,True,False,False,True,True,True,1,0,0.0,0,153.0
processed_full/blast_austin_major/blasttv-austin-major-2025-furia-vs-virtuspro-bo3-E_bOFuD3YUjLJCO2xRj0mq/furia-vs-virtus-pro-m1-mirage.csv,2,11216,9.5,0,0.2082512378692627,0.20827582,-0.0038764029741287,-0.0038496703,1,0.3697369992733001,0.7917487621307373,0.6302630007266998,xgboost,-0.1614857614040374,True,False,False,True,True,True,1,0,0.0,0,153.0
processed_full/blast_austin_major/blasttv-austin-major-2025-furia-vs-virtuspro-bo3-E_bOFuD3YUjLJCO2xRj0mq/furia-vs-virtus-pro-m1-mirage.csv,2,11248,10.0,0,0.2190190404653549,0.21898371,0.0107678025960922,0.010707885,1,0.375828206539154,0.7809809595346451,0.624171793460846,xgboost,-0.1568091660737991,True,False,False,True,True,True,1,0,0.0,0,153.0
processed_full/blast_austin_major/blasttv-austin-major-2025-furia-vs-virtuspro-bo3-E_bOFuD3YUjLJCO2xRj0mq/furia-vs-virtus-pro-m1-mirage.csv,2,11280,10.5,0,0.2401205003261566,0.24014151,0.0211014598608016,0.021157801,1,0.3865814805030823,0.7598794996738434,0.6134185194969177,xgboost,-0.1464609801769257,True,False,False,True,True,True,1,0,0.0,0,153.0
processed_full/blast_austin_major/blasttv-austin-major-2025-furia-vs-virtuspro-bo3-E_bOFuD3YUjLJCO2xRj0mq/furia-vs-virtus-pro-m1-mirage.csv,2,11312,11.0,0,0.2373593002557754,0.2373431,-0.0027612000703811,-0.0027984083,1,0.3868132829666137,0.7626406997442245,0.6131867170333862,xgboost,-0.1494539827108383,True,False,False,True,True,True,1,0,0.0,0,153.0
processed_full/blast_austin_major/blasttv-austin-major-2025-furia-vs-virtuspro-bo3-E_bOFuD3YUjLJCO2xRj0mq/furia-vs-virtus-pro-m1-mirage.csv,2,11344,11.5,0,0.284231424331665,0.28423738,0.0468721240758895,0.046894282,1,0.3881202042102813,0.715768575668335,0.6118797957897186,xgboost,-0.1038887798786163,True,False,False,True,True,True,1,0,0.0,0,153.0
processed_full/blast_austin_major/blasttv-austin-major-2025-furia-vs-virtuspro-bo3-E_bOFuD3YUjLJCO2xRj0mq/furia-vs-virtus-pro-m1-mirage.csv,2,11376,12.0,0,0.2806017100811004,0.2806106,-0.0036297142505645,-0.0036267936,1,0.3893885314464569,0.7193982899188995,0.6106114685535431,xgboost,-0.1087868213653565,True,False,False,True,True,True,1,0,0.0,0,153.0
processed_full/blast_austin_major/blasttv-austin-major-2025-furia-vs-virtuspro-bo3-E_bOFuD3YUjLJCO2xRj0mq/furia-vs-virtus-pro-m1-mirage.csv,2,11408,12.5,0,0.2717120945453644,0.27171376,-0.008889615535736,-0.008896828,1,0.3913145363330841,0.7282879054546356,0.6086854636669159,xgboost,-0.1196024417877197,True,False,False,True,True,True,1,0,0.0,0,153.0
processed_full/blast_austin_major/blasttv-austin-major-2025-furia-vs-virtuspro-bo3-E_bOFuD3YUjLJCO2xRj0mq/furia-vs-virtus-pro-m1-mirage.csv,2,11440,13.0,0,0.2786223292350769,0.27861837,0.0069102346897125,0.006904602,1,0.3913145363330841,0.7213776707649231,0.6086854636669159,xgboost,-0.1126922070980072,True,False,False,True,True,True,1,0,0.0,0,153.0
processed_full/blast_austin_major/blasttv-austin-major-2025-furia-vs-virtuspro-bo3-E_bOFuD3YUjLJCO2xRj0mq/furia-vs-virtus-pro-m1-mirage.csv,2,11472,13.5,0,0.2890453934669494,0.28904113,0.0104230642318725,0.010422766,1,0.3917057812213897,0.7109546065330505,0.6082942187786102,xgboost,-0.1026603877544403,True,False,False,True,True,True,1,0,0.0,0,153.0
processed_full/blast_austin_major/blasttv-austin-major-2025-furia-vs-virtuspro-bo3-E_bOFuD3YUjLJCO2xRj0mq/furia-vs-virtus-pro-m1-mirage.csv,2,11504,14.0,0,0.2991767525672912,0.29917467,0.0101313591003417,0.010133535,1,0.3928532600402832,0.7008232474327087,0.6071467399597168,xgboost,-0.093676507472992,True,False,False,True,True,True,1,0,0.0,0,153.0
processed_full/blast_austin_major/blasttv-austin-major-2025-furia-vs-virtuspro-bo3-E_bOFuD3YUjLJCO2xRj0mq/furia-vs-virtus-pro-m1-mirage.csv,2,11536,14.5,0,0.3170091807842254,0.3170036,0.0178324282169342,0.017828941,1,0.3928532600402832,0.6829908192157745,0.6071467399597168,xgboost,-0.0758440792560578,True,False,False,True,True,True,1,0,0.0,0,153.0
processed_full/blast_austin_major/blasttv-austin-major-2025-furia-vs-virtuspro-bo3-E_bOFuD3YUjLJCO2xRj0mq/furia-vs-virtus-pro-m1-mirage.csv,2,11568,15.0,0,0.3113061487674713,0.31130376,-0.0057030320167541,-0.005699843,1,0.3928532600402832,0.6886938512325287,0.6071467399597168,xgboost,-0.0815471112728118,True,False,False,True,True,True,1,0,0.0,0,153.0
processed_full/blast_austin_major/blasttv-austin-major-2025-furia-vs-virtuspro-bo3-E_bOFuD3YUjLJCO2xRj0mq/furia-vs-virtus-pro-m1-mirage.csv,2,11600,15.5,0,0.3308601081371307,0.33088306,0.0195539593696594,0.019579291,1,0.3928532600402832,0.6691398918628693,0.6071467399597168,xgboost,-0.0619931519031525,True,False,False,True,True,True,1,0,0.0,0,153.0
processed_full/blast_austin_major/blasttv-austin-major-2025-furia-vs-virtuspro-bo3-E_bOFuD3YUjLJCO2xRj0mq/furia-vs-virtus-pro-m1-mirage.csv,2,11632,16.0,0,0.3375919163227081,0.33756718,0.0067318081855773,0.0066841245,1,0.3958852887153625,0.6624080836772919,0.6041147112846375,xgboost,-0.0582933723926544,True,False,False,True,True,True,1,0,0.0,0,153.0
processed_full/blast_austin_major/blasttv-austin-major-2025-furia-vs-virtuspro-bo3-E_bOFuD3YUjLJCO2xRj0mq/furia-vs-virtus-pro-m1-mirage.csv,2,11664,16.5,0,0.3336743414402008,0.33369598,-0.0039175748825073,-0.0038712025,1,0.39608034491539,0.6663256585597992,0.60391965508461,xgboost,-0.0624060034751892,True,False,False,True,True,True,1,0,0.0,0,330.8627233505249
processed_full/blast_austin_major/blasttv-austin-major-2025-furia-vs-virtuspro-bo3-E_bOFuD3YUjLJCO2xRj0mq/furia-vs-virtus-pro-m1-mirage.csv,2,11696,17.0,0,0.3265345394611358,0.3265257,-0.0071398019790649,-0.0071702898,1,0.39608034491539,0.6734654605388641,0.60391965508461,xgboost,-0.0695458054542542,True,False,False,True,True,True,1,0,0.0,0,330.8627233505249
processed_full/blast_austin_major/blasttv-austin-major-2025-furia-vs-virtuspro-bo3-E_bOFuD3YUjLJCO2xRj0mq/furia-vs-virtus-pro-m1-mirage.csv,2,11728,17.5,0,0.3539367914199829,0.35394257,0.027402251958847,0.027416885,1,0.3962722420692444,0.6460632085800171,0.6037277579307556,xgboost,-0.0423354506492614,True,False,False,True,True,True,1,0,0.0,0,328.4286165237427
processed_full/blast_austin_major/blasttv-austin-major-2025-furia-vs-virtuspro-bo3-E_bOFuD3YUjLJCO2xRj0mq/furia-vs-virtus-pro-m1-mirage.csv,2,11760,18.0,0,0.3639422655105591,0.36394063,0.0100054740905761,0.009998053,1,0.3879946768283844,0.6360577344894409,0.6120053231716156,xgboost,-0.0240524113178253,True,False,False,True,True,True,1,0,0.0,0,328.4286165237427
processed_full/blast_austin_major/blasttv-austin-major-2025-furia-vs-virtuspro-bo3-E_bOFuD3YUjLJCO2xRj0mq/furia-vs-virtus-pro-m1-mirage.csv,2,11792,18.5,0,0.3711934387683868,0.37117234,0.0072511732578277,0.0072317123,1,0.3879946768283844,0.6288065612316132,0.6120053231716156,xgboost,-0.0168012380599976,True,False,False,True,True,True,1,0,0.0,0,328.4286165237427
processed_full/blast_austin_major/blasttv-austin-major-2025-furia-vs-virtuspro-bo3-E_bOFuD3YUjLJCO2xRj0mq/furia-vs-virtus-pro-m1-mirage.csv,2,11824,19.0,0,0.3625316023826599,0.36256826,-0.0086618363857269,-0.0086040795,1,0.3879946768283844,0.6374683976173401,0.6120053231716156,xgboost,-0.0254630744457244,True,False,False,True,True,True,1,0,0.0,0,328.4286165237427
processed_full/blast_austin_major/blasttv-austin-major-2025-furia-vs-virtuspro-bo3-E_bOFuD3YUjLJCO2xRj0mq/furia-vs-virtus-pro-m1-mirage.csv,2,11856,19.5,0,0.3777630031108856,0.37774858,0.0152314007282257,0.01518032,1,0.3927833437919616,0.6222369968891144,0.6072166562080383,xgboost,-0.015020340681076,True,False,False,True,True,True,1,0,0.0,0,328.4286165237427
processed_full/blast_austin_major/blasttv-austin-major-2025-furia-vs-virtuspro-bo3-E_bOFuD3YUjLJCO2xRj0mq/furia-vs-virtus-pro-m1-mirage.csv,2,11888,20.0,0,0.3957111835479736,0.39569354,0.017948180437088,0.017944962,1,0.3925888538360595,0.6042888164520264,0.6074111461639404,lstm,0.003122329711914,True,False,False,True,True,True,1,0,0.0,0,328.4286165237427
processed_full/blast_austin_major/blasttv-austin-major-2025-furia-vs-virtuspro-bo3-E_bOFuD3YUjLJCO2xRj0mq/furia-vs-virtus-pro-m1-mirage.csv,2,11920,20.5,0,0.4082898795604706,0.40832362,0.0125786960124969,0.012630075,1,0.3925888538360595,0.5917101204395294,0.6074111461639404,lstm,0.015701025724411,True,False,False,True,True,True,1,0,0.0,0,321.138147354126
processed_full/blast_austin_major/blasttv-austin-major-2025-furia-vs-virtuspro-bo3-E_bOFuD3YUjLJCO2xRj0mq/furia-vs-virtus-pro-m1-mirage.csv,2,11952,21.0,0,0.4254530370235443,0.42542496,0.0171631574630737,0.017101347,1,0.3927833437919616,0.5745469629764557,0.6072166562080383,lstm,0.0326696932315826,True,False,False,True,True,True,1,0,0.0,0,306.0
processed_full/blast_austin_major/blasttv-austin-major-2025-furia-vs-virtuspro-bo3-E_bOFuD3YUjLJCO2xRj0mq/furia-vs-virtus-pro-m1-mirage.csv,2,11984,21.5,0,0.4488906562328338,0.4489063,0.0234376192092895,0.02348134,1,0.4243131279945373,0.5511093437671661,0.5756868720054626,lstm,0.0245775282382964,True,False,False,True,True,True,1,0,0.0,0,306.0
processed_full/blast_austin_major/blasttv-austin-major-2025-furia-vs-virtuspro-bo3-E_bOFuD3YUjLJCO2xRj0mq/furia-vs-virtus-pro-m1-mirage.csv,2,12016,22.0,0,0.4512852728366852,0.45128644,0.0023946166038513,0.0023801327,1,0.4256815910339355,0.5487147271633148,0.5743184089660645,lstm,0.0256036818027496,True,False,False,True,True,True,1,0,0.0,0,306.0
processed_full/blast_austin_major/blasttv-austin-major-2025-furia-vs-virtuspro-bo3-E_bOFuD3YUjLJCO2xRj0mq/furia-vs-virtus-pro-m1-mirage.csv,2,12048,22.5,0,0.4378296732902527,0.43782613,-0.0134555995464324,-0.013460308,1,0.4242276549339294,0.5621703267097473,0.5757723450660706,lstm,0.0136020183563232,True,False,False,True,True,True,1,0,0.0,0,306.0
processed_full/blast_austin_major/blasttv-austin-major-2025-furia-vs-virtuspro-bo3-E_bOFuD3YUjLJCO2xRj0mq/furia-vs-virtus-pro-m1-mirage.csv,2,12080,23.0,0,0.4445736110210418,0.44457176,0.0067439377307891,0.0067456365,1,0.4238341748714447,0.5554263889789581,0.5761658251285553,lstm,0.0207394361495971,True,False,False,True,True,True,1,0,0.0,0,306.0
processed_full/blast_austin_major/blasttv-austin-major-2025-furia-vs-virtuspro-bo3-E_bOFuD3YUjLJCO2xRj0mq/furia-vs-virtus-pro-m1-mirage.csv,2,12112,23.5,0,0.4321142435073852,0.43212596,-0.0124593675136566,-0.012445807,1,0.4238341748714447,0.5678857564926147,0.5761658251285553,lstm,0.0082800686359404,True,False,False,True,True,True,1,0,0.0,0,306.0
processed_full/blast_austin_major/blasttv-austin-major-2025-furia-vs-virtuspro-bo3-E_bOFuD3YUjLJCO2xRj0mq/furia-vs-virtus-pro-m1-mirage.csv,2,12144,24.0,0,0.4303557574748993,0.43034983,-0.0017584860324859,-0.001776129,1,0.4219372570514679,0.5696442425251007,0.5780627429485321,lstm,0.0084185004234313,True,False,False,True,True,True,1,0,0.0,0,306.0
processed_full/blast_austin_major/blasttv-austin-major-2025-furia-vs-virtuspro-bo3-E_bOFuD3YUjLJCO2xRj0mq/furia-vs-virtus-pro-m1-mirage.csv,2,12176,24.5,0,0.414819598197937,0.4147925,-0.0155361592769622,-0.015557319,1,0.4220023453235626,0.585180401802063,0.5779976546764374,xgboost,-0.0071827471256256,True,False,False,True,True,True,1,0,0.0,0,306.0
processed_full/blast_austin_major/blasttv-austin-major-2025-furia-vs-virtuspro-bo3-E_bOFuD3YUjLJCO2xRj0mq/furia-vs-virtus-pro-m1-mirage.csv,2,12208,25.0,0,0.4241429567337036,0.42416674,0.0093233585357666,0.009374231,1,0.4220023453235626,0.5758570432662964,0.5779976546764374,lstm,0.0021406114101409,True,False,False,True,True,True,1,0,0.0,0,306.0
processed_full/blast_austin_major/blasttv-austin-major-2025-furia-vs-virtuspro-bo3-E_bOFuD3YUjLJCO2xRj0mq/furia-vs-virtus-pro-m1-mirage.csv,2,12240,25.5,0,0.3857842981815338,0.38580382,-0.0383586585521698,-0.03836292,1,0.4220023453235626,0.6142157018184662,0.5779976546764374,xgboost,-0.0362180471420288,True,False,False,True,True,True,1,0,0.0,0,306.0
processed_full/blast_austin_major/blasttv-austin-major-2025-furia-vs-virtuspro-bo3-E_bOFuD3YUjLJCO2xRj0mq/furia-vs-virtus-pro-m1-mirage.csv,2,12272,26.0,0,0.3776715993881225,0.37763745,-0.0081126987934112,-0.008166373,1,0.4220023453235626,0.6223284006118774,0.5779976546764374,xgboost,-0.0443307459354401,True,False,False,True,True,True,1,0,0.0,0,306.0
processed_full/blast_austin_major/blasttv-austin-major-2025-furia-vs-virtuspro-bo3-E_bOFuD3YUjLJCO2xRj0mq/furia-vs-virtus-pro-m1-mirage.csv,2,12304,26.5,0,0.4207461476325989,0.42077613,0.0430745482444763,0.043138683,1,0.4220023453235626,0.5792538523674011,0.5779976546764374,xgboost,-0.0012561976909637,True,False,False,True,True,True,1,0,0.0,0,306.0
processed_full/blast_austin_major/blasttv-austin-major-2025-furia-vs-virtuspro-bo3-E_bOFuD3YUjLJCO2xRj0mq/furia-vs-virtus-pro-m1-mirage.csv,2,12336,27.0,0,0.4228602051734924,0.42283255,0.0021140575408935,0.0020564198,1,0.4224380254745483,0.5771397948265076,0.5775619745254517,lstm,0.000422179698944,True,False,False,True,True,True,1,0,0.0,0,306.0
processed_full/blast_austin_major/blasttv-austin-major-2025-furia-vs-virtuspro-bo3-E_bOFuD3YUjLJCO2xRj0mq/furia-vs-virtus-pro-m1-mirage.csv,2,12368,27.5,0,0.4157477021217346,0.41574445,-0.0071125030517578,-0.007088095,1,0.4224380254745483,0.5842522978782654,0.5775619745254517,xgboost,-0.0066903233528137,True,False,False,True,True,True,1,0,0.0,0,306.0
processed_full/blast_austin_major/blasttv-austin-major-2025-furia-vs-virtuspro-bo3-E_bOFuD3YUjLJCO2xRj0mq/furia-vs-virtus-pro-m1-mirage.csv,2,12400,28.0,0,0.3985001742839813,0.39853954,-0.0172475278377532,-0.01720491,1,0.4224380254745483,0.6014998257160187,0.5775619745254517,xgboost,-0.023937851190567,True,False,False,True,True,True,1,0,0.0,0,306.0
processed_full/blast_austin_major/blasttv-austin-major-2025-furia-vs-virtuspro-bo3-E_bOFuD3YUjLJCO2xRj0mq/furia-vs-virtus-pro-m1-mirage.csv,2,12432,28.5,0,0.4115996062755584,0.41155523,0.0130994319915771,0.0130156875,1,0.4224380254745483,0.5884003937244415,0.5775619745254517,xgboost,-0.0108384191989899,True,False,False,True,True,True,1,0,0.0,0,306.0
processed_full/blast_austin_major/blasttv-austin-major-2025-furia-vs-virtuspro-bo3-E_bOFuD3YUjLJCO2xRj0mq/furia-vs-virtus-pro-m1-mirage.csv,2,12464,29.0,0,0.409392386674881,0.40941992,-0.0022072196006774,-0.0021353066,1,0.4224380254745483,0.590607613325119,0.5775619745254517,xgboost,-0.0130456387996673,True,False,False,True,True,True,1,0,0.0,0,306.0
processed_full/blast_austin_major/blasttv-austin-major-2025-furia-vs-virtuspro-bo3-E_bOFuD3YUjLJCO2xRj0mq/furia-vs-virtus-pro-m1-mirage.csv,2,12496,29.5,0,0.395603209733963,0.39559737,-0.0137891769409179,-0.013822556,1,0.4224380254745483,0.604396790266037,0.5775619745254517,xgboost,-0.0268348157405853,True,False,False,True,True,True,1,0,0.0,0,306.0
processed_full/blast_austin_major/blasttv-austin-major-2025-furia-vs-virtuspro-bo3-E_bOFuD3YUjLJCO2xRj0mq/furia-vs-virtus-pro-m1-mirage.csv,2,12528,30.0,0,0.3941211104393005,0.39412338,-0.0014820992946624,-0.0014739931,1,0.4270395636558532,0.6058788895606995,0.5729604363441467,xgboost,-0.0329184532165527,True,False,False,True,True,True,1,0,0.0,0,306.0
processed_full/blast_austin_major/blasttv-austin-major-2025-furia-vs-virtuspro-bo3-E_bOFuD3YUjLJCO2xRj0mq/furia-vs-virtus-pro-m1-mirage.csv,2,12560,30.5,0,0.3585030436515808,0.358505,-0.0356180667877197,-0.035618365,1,0.4272813498973846,0.6414969563484192,0.5727186501026154,xgboost,-0.0687783062458038,False,False,False,True,True,False,0,0,0.0,0,306.0
processed_full/blast_austin_major/blasttv-austin-major-2025-furia-vs-virtuspro-bo3-E_bOFuD3YUjLJCO2xRj0mq/furia-vs-virtus-pro-m1-mirage.csv,2,12592,31.0,0,0.3728451430797577,0.3728341,0.0143420994281768,0.014329076,1,0.4272813498973846,0.6271548569202423,0.5727186501026154,xgboost,-0.0544362068176269,False,False,False,True,True,False,0,0,0.0,0,306.0
processed_full/blast_austin_major/blasttv-austin-major-2025-furia-vs-virtuspro-bo3-E_bOFuD3YUjLJCO2xRj0mq/furia-vs-virtus-pro-m1-mirage.csv,2,12624,31.5,0,0.3352515995502472,0.33524546,-0.0375935435295105,-0.037588626,1,0.4052323698997497,0.6647484004497528,0.5947676301002502,xgboost,-0.0699807703495025,False,False,False,True,True,False,0,0,0.0,0,306.0
processed_full/blast_austin_major/blasttv-austin-major-2025-furia-vs-virtuspro-bo3-E_bOFuD3YUjLJCO2xRj0mq/furia-vs-virtus-pro-m1-mirage.csv,2,12656,32.0,0,0.3185577094554901,0.31855413,-0.016693890094757,-0.016691327,1,0.3814066052436828,0.6814422905445099,0.6185933947563171,xgboost,-0.0628488957881927,False,False,False,True,True,False,0,0,0.0,0,306.0
processed_full/blast_austin_major/blasttv-austin-major-2025-furia-vs-virtuspro-bo3-E_bOFuD3YUjLJCO2xRj0mq/furia-vs-virtus-pro-m1-mirage.csv,2,12688,32.5,0,0.3206322491168976,0.3206493,0.0020745396614074,0.0020951629,1,0.3814066052436828,0.6793677508831024,0.6185933947563171,xgboost,-0.0607743561267852,False,False,False,True,True,False,0,0,0.0,0,306.0
processed_full/blast_austin_major/blasttv-austin-major-2025-furia-vs-virtuspro-bo3-E_bOFuD3YUjLJCO2xRj0mq/furia-vs-virtus-pro-m1-mirage.csv,2,12720,33.0,0,0.3180516958236694,0.31804997,-0.0025805532932281,-0.0025993288,1,0.3823593556880951,0.6819483041763306,0.6176406443119049,xgboost,-0.0643076598644257,False,False,False,True,True,False,0,0,0.0,0,306.0
processed_full/blast_austin_major/blasttv-austin-major-2025-furia-vs-virtuspro-bo3-E_bOFuD3YUjLJCO2xRj0mq/furia-vs-virtus-pro-m1-mirage.csv,2,12752,33.5,0,0.317289799451828,0.31728768,-0.0007618963718414,-0.0007622838,1,0.3827641606330871,0.682710200548172,0.6172358393669128,xgboost,-0.0654743611812591,False,False,False,True,True,False,0,0,0.0,0,306.0
processed_full/blast_austin_major/blasttv-austin-major-2025-furia-vs-virtuspro-bo3-E_bOFuD3YUjLJCO2xRj0mq/furia-vs-virtus-pro-m1-mirage.csv,2,12784,34.0,0,0.3167495429515838,0.31675524,-0.0005402565002441,-0.0005324483,1,0.3827641606330871,0.6832504570484161,0.6172358393669128,xgboost,-0.0660146176815033,False,False,False,True,True,False,0,0,0.0,0,306.0
processed_full/blast_austin_major/blasttv-austin-major-2025-furia-vs-virtuspro-bo3-E_bOFuD3YUjLJCO2xRj0mq/furia-vs-virtus-pro-m1-mirage.csv,2,12816,34.5,0,0.3132742643356323,0.31326923,-0.0034752786159515,-0.0034860075,1,0.3825307488441467,0.6867257356643677,0.6174692511558533,xgboost,-0.0692564845085144,True,False,False,True,True,True,1,0,0.0,0,306.0
processed_full/blast_austin_major/blasttv-austin-major-2025-furia-vs-virtuspro-bo3-E_bOFuD3YUjLJCO2xRj0mq/furia-vs-virtus-pro-m1-mirage.csv,2,12848,35.0,0,0.322945088148117,0.32293767,0.0096708238124847,0.00966844,1,0.3830203413963318,0.6770549118518829,0.6169796586036682,xgboost,-0.0600752532482147,True,False,False,True,True,True,1,0,0.0,0,306.0
processed_full/blast_austin_major/blasttv-austin-major-2025-furia-vs-virtuspro-bo3-E_bOFuD3YUjLJCO2xRj0mq/furia-vs-virtus-pro-m1-mirage.csv,2,12880,35.5,0,0.3356623947620392,0.33568457,0.0127173066139221,0.0127469,1,0.3830203413963318,0.6643376052379608,0.6169796586036682,xgboost,-0.0473579466342926,True,False,False,True,True,True,1,0,0.0,0,306.0
processed_full/blast_austin_major/blasttv-austin-major-2025-furia-vs-virtuspro-bo3-E_bOFuD3YUjLJCO2xRj0mq/furia-vs-virtus-pro-m1-mirage.csv,2,12912,36.0,0,0.3740289807319641,0.37402308,0.0383665859699249,0.038338512,1,0.3830203413963318,0.6259710192680359,0.6169796586036682,xgboost,-0.0089913606643676,True,False,False,True,True,True,2,0,0.0,0,306.0
processed_full/blast_austin_major/blasttv-austin-major-2025-furia-vs-virtuspro-bo3-E_bOFuD3YUjLJCO2xRj0mq/furia-vs-virtus-pro-m1-mirage.csv,2,12944,36.5,0,0.384000301361084,0.38398317,0.0099713206291198,0.009960085,1,0.3858196437358856,0.615999698638916,0.6141803562641144,xgboost,-0.0018193423748016,True,False,False,True,True,True,2,0,0.0,0,306.0
processed_full/blast_austin_major/blasttv-austin-major-2025-furia-vs-virtuspro-bo3-E_bOFuD3YUjLJCO2xRj0mq/furia-vs-virtus-pro-m1-mirage.csv,2,12976,37.0,0,0.3426445722579956,0.3426542,-0.0413557291030883,-0.041328967,1,0.3859629034996032,0.6573554277420044,0.6140370965003967,xgboost,-0.0433183312416076,True,False,False,True,True,True,3,0,0.0,0,306.0
processed_full/blast_austin_major/blasttv-austin-major-2025-furia-vs-virtuspro-bo3-E_bOFuD3YUjLJCO2xRj0mq/furia-vs-virtus-pro-m1-mirage.csv,2,13008,37.5,0,0.2804538011550903,0.28045994,-0.0621907711029052,-0.062194258,1,0.3858996629714966,0.7195461988449097,0.6141003370285034,xgboost,-0.1054458618164063,True,False,False,True,True,True,3,0,0.0,0,306.0
processed_full/blast_austin_major/blasttv-austin-major-2025-furia-vs-virtuspro-bo3-E_bOFuD3YUjLJCO2xRj0mq/furia-vs-virtus-pro-m1-mirage.csv,2,13040,38.0,0,0.2272124737501144,0.22720079,-0.0532413274049758,-0.05325915,1,0.3852081894874573,0.7727875262498856,0.6147918105125427,xgboost,-0.1579957157373428,True,False,False,True,True,True,3,0,0.0,0,306.0
processed_full/blast_austin_major/blasttv-austin-major-2025-furia-vs-virtuspro-bo3-E_bOFuD3YUjLJCO2xRj0mq/furia-vs-virtus-pro-m1-mirage.csv,2,13072,38.5,0,0.1610935032367706,0.1611082,-0.0661189705133438,-0.066092595,1,0.3875736594200134,0.8389064967632294,0.6124263405799866,xgboost,-0.2264801561832428,True,False,False,True,True,True,3,1,0.0,0,306.0
processed_full/blast_austin_major/blasttv-austin-major-2025-furia-vs-virtuspro-bo3-E_bOFuD3YUjLJCO2xRj0mq/furia-vs-virtus-pro-m1-mirage.csv,2,13104,39.0,0,0.2196765840053558,0.21967523,0.0585830807685852,0.058567032,1,0.3882667124271393,0.7803234159946442,0.6117332875728607,xgboost,-0.1685901284217834,True,False,False,True,True,True,3,1,0.0,0,306.0
processed_full/blast_austin_major/blasttv-austin-major-2025-furia-vs-virtuspro-bo3-E_bOFuD3YUjLJCO2xRj0mq/furia-vs-virtus-pro-m1-mirage.csv,2,13136,39.5,0,0.2223582863807678,0.22235963,0.0026817023754119,0.0026843995,1,0.3882667124271393,0.7776417136192322,0.6117332875728607,xgboost,-0.1659084260463715,True,False,False,True,True,True,3,1,0.0,0,306.0
processed_full/blast_austin_major/blasttv-austin-major-2025-furia-vs-virtuspro-bo3-E_bOFuD3YUjLJCO2xRj0mq/furia-vs-virtus-pro-m1-mirage.csv,2,13168,40.0,0,0.2359353005886078,0.2359319,0.0135770142078399,0.013572276,1,0.3889510333538055,0.7640646994113922,0.6110489666461945,xgboost,-0.1530157327651977,True,False,False,True,True,True,3,1,0.0,0,306.0
processed_full/blast_austin_major/blasttv-austin-major-2025-furia-vs-virtuspro-bo3-E_bOFuD3YUjLJCO2xRj0mq/furia-vs-virtus-pro-m1-mirage.csv,2,13200,40.5,0,0.2492847740650177,0.24928972,0.0133494734764099,0.013357818,1,0.3875804841518402,0.7507152259349823,0.6124195158481598,xgboost,-0.1382957100868225,True,False,False,True,True,True,3,1,0.0,0,306.0
processed_full/blast_austin_major/blasttv-austin-major-2025-furia-vs-virtuspro-bo3-E_bOFuD3YUjLJCO2xRj0mq/furia-vs-virtus-pro-m1-mirage.csv,2,13232,41.0,0,0.2265681326389312,0.22656918,-0.0227166414260864,-0.022720546,1,0.3875804841518402,0.7734318673610688,0.6124195158481598,xgboost,-0.161012351512909,True,False,False,True,True,True,3,1,0.0,0,306.0
processed_full/blast_austin_major/blasttv-austin-major-2025-furia-vs-virtuspro-bo3-E_bOFuD3YUjLJCO2xRj0mq/furia-vs-virtus-pro-m1-mirage.csv,2,13264,41.5,0,0.2164699286222458,0.2164717,-0.0100982040166854,-0.010097474,1,0.2920592725276947,0.7835300713777542,0.7079407274723053,xgboost,-0.0755893439054489,True,True,False,True,True,True,3,1,34.0,0,306.0
processed_full/blast_austin_major/blasttv-austin-major-2025-furia-vs-virtuspro-bo3-E_bOFuD3YUjLJCO2xRj0mq/furia-vs-virtus-pro-m1-mirage.csv,2,13296,42.0,0,0.2160426527261734,0.2160387,-0.0004272758960723,-0.00043299794,1,0.2938557863235473,0.7839573472738266,0.7061442136764526,xgboost,-0.0778131335973739,True,True,False,True,True,True,3,1,34.0,0,320.3714838027954
processed_full/blast_austin_major/blasttv-austin-major-2025-furia-vs-virtuspro-bo3-E_bOFuD3YUjLJCO2xRj0mq/furia-vs-virtus-pro-m1-mirage.csv,2,13328,42.5,0,0.2184585630893707,0.21846654,0.0024159103631973,0.0024278313,1,0.2938557863235473,0.7815414369106293,0.7061442136764526,xgboost,-0.0753972232341766,True,True,False,True,True,True,3,1,34.0,0,320.3714838027954
processed_full/blast_austin_major/blasttv-austin-major-2025-furia-vs-virtuspro-bo3-E_bOFuD3YUjLJCO2xRj0mq/furia-vs-virtus-pro-m1-mirage.csv,2,13360,43.0,0,0.4241265952587127,0.42411524,0.205668032169342,0.2056487,1,0.5670607089996338,0.5758734047412872,0.4329392910003662,xgboost,-0.142934113740921,True,True,False,True,True,True,3,1,34.0,0,286.8649649620056
processed_full/blast_austin_major/blasttv-austin-major-2025-furia-vs-virtuspro-bo3-E_bOFuD3YUjLJCO2xRj0mq/furia-vs-virtus-pro-m1-mirage.csv,2,13392,43.5,0,0.4079038500785827,0.40790957,-0.01622274518013,-0.016205668,1,0.5856454372406006,0.5920961499214172,0.4143545627593994,xgboost,-0.1777415871620178,True,True,False,True,True,True,3,1,34.0,0,292.27027773857117
processed_full/blast_austin_major/blasttv-austin-major-2025-furia-vs-virtuspro-bo3-E_bOFuD3YUjLJCO2xRj0mq/furia-vs-virtus-pro-m1-mirage.csv,2,13424,44.0,0,0.5162946581840515,0.5163008,0.1083908081054687,0.108391225,1,0.5862458944320679,0.4837053418159485,0.4137541055679321,xgboost,-0.0699512362480163,True,True,False,True,True,True,4,1,34.0,0,292.27027773857117
processed_full/blast_austin_major/blasttv-austin-major-2025-furia-vs-virtuspro-bo3-E_bOFuD3YUjLJCO2xRj0mq/furia-vs-virtus-pro-m1-mirage.csv,2,13456,44.5,0,0.6127957105636597,0.61278856,0.0965010523796081,0.09648776,1,0.5862458944320679,0.3872042894363403,0.4137541055679321,lstm,0.0265498161315917,True,True,False,True,True,True,4,1,34.0,0,292.27027773857117
processed_full/blast_austin_major/blasttv-austin-major-2025-furia-vs-virtuspro-bo3-E_bOFuD3YUjLJCO2xRj0mq/furia-vs-virtus-pro-m1-mirage.csv,2,13488,45.0,0,0.5449654459953308,0.54496384,-0.0678302645683288,-0.06782472,1,0.5856454372406006,0.4550345540046692,0.4143545627593994,xgboost,-0.0406799912452697,True,True,False,True,True,True,4,1,34.0,0,292.27027773857117
processed_full/blast_austin_major/blasttv-austin-major-2025-furia-vs-virtuspro-bo3-E_bOFuD3YUjLJCO2xRj0mq/furia-vs-virtus-pro-m1-mirage.csv,2,13520,45.5,0,0.5435023903846741,0.5435012,-0.0014630556106567,-0.0014626384,1,0.5856454372406006,0.4564976096153259,0.4143545627593994,xgboost,-0.0421430468559265,True,True,False,True,True,True,4,0,34.0,0,292.27027773857117
processed_full/blast_austin_major/blasttv-austin-major-2025-furia-vs-virtuspro-bo3-E_bOFuD3YUjLJCO2xRj0mq/furia-vs-virtus-pro-m1-mirage.csv,2,13552,46.0,0,0.4561546742916107,0.45615545,-0.0873477160930633,-0.08734575,1,0.5844058394432068,0.5438453257083893,0.4155941605567932,xgboost,-0.128251165151596,True,True,False,True,True,True,4,0,34.0,0,292.27027773857117
processed_full/blast_austin_major/blasttv-austin-major-2025-furia-vs-virtuspro-bo3-E_bOFuD3YUjLJCO2xRj0mq/furia-vs-virtus-pro-m1-mirage.csv,2,13584,46.5,0,0.4309489727020263,0.43094838,-0.0252057015895843,-0.025207072,1,0.5844058394432068,0.5690510272979736,0.4155941605567932,xgboost,-0.1534568667411804,True,True,False,True,True,True,4,0,34.0,0,292.27027773857117
processed_full/blast_austin_major/blasttv-austin-major-2025-furia-vs-virtuspro-bo3-E_bOFuD3YUjLJCO2xRj0mq/furia-vs-virtus-pro-m1-mirage.csv,2,13616,47.0,0,0.4130740165710449,0.4130691,-0.0178749561309814,-0.017879277,1,0.59009850025177,0.5869259834289551,0.40990149974823,xgboost,-0.1770244836807251,True,False,False,True,True,True,4,0,0.0,0,292.27027773857117
processed_full/blast_austin_major/blasttv-austin-major-2025-furia-vs-virtuspro-bo3-E_bOFuD3YUjLJCO2xRj0mq/furia-vs-virtus-pro-m1-mirage.csv,2,13648,47.5,0,0.4068792760372162,0.40689075,-0.0061947405338287,-0.0061783493,1,0.5792058110237122,0.5931207239627838,0.4207941889762878,xgboost,-0.1723265349864959,True,False,False,True,True,True,4,0,0.0,0,292.27027773857117
processed_full/blast_austin_major/blasttv-austin-major-2025-furia-vs-virtuspro-bo3-E_bOFuD3YUjLJCO2xRj0mq/furia-vs-virtus-pro-m1-mirage.csv,2,13680,48.0,0,0.3741984069347381,0.3741864,-0.032680869102478,-0.032704353,1,0.5833621025085449,0.6258015930652618,0.4166378974914551,xgboost,-0.2091636955738068,True,False,False,True,True,True,4,0,0.0,0,292.27027773857117
processed_full/blast_austin_major/blasttv-austin-major-2025-furia-vs-virtuspro-bo3-E_bOFuD3YUjLJCO2xRj0mq/furia-vs-virtus-pro-m1-mirage.csv,2,13712,48.5,0,0.3878668844699859,0.387872,0.0136684775352478,0.013685614,1,0.5838979482650757,0.612133115530014,0.4161020517349243,xgboost,-0.1960310637950897,True,False,False,True,True,True,4,0,0.0,0,283.8871805667877
processed_full/blast_austin_major/blasttv-austin-major-2025-furia-vs-virtuspro-bo3-E_bOFuD3YUjLJCO2xRj0mq/furia-vs-virtus-pro-m1-mirage.csv,2,13744,49.0,0,0.375101238489151,0.37510258,-0.0127656459808349,-0.012769431,1,0.5852992534637451,0.624898761510849,0.4147007465362549,xgboost,-0.2101980149745941,True,False,False,True,True,True,4,0,0.0,0,283.8871805667877
processed_full/blast_austin_major/blasttv-austin-major-2025-furia-vs-virtuspro-bo3-E_bOFuD3YUjLJCO2xRj0mq/furia-vs-virtus-pro-m1-mirage.csv,2,13776,49.5,0,0.3687555491924286,0.36874965,-0.0063456892967224,-0.0063529313,1,0.5852992534637451,0.6312444508075714,0.4147007465362549,xgboost,-0.2165437042713165,True,False,False,True,True,True,4,0,0.0,0,283.8871805667877
processed_full/blast_austin_major/blasttv-austin-major-2025-furia-vs-virtuspro-bo3-E_bOFuD3YUjLJCO2xRj0mq/furia-vs-virtus-pro-m1-mirage.csv,2,13808,50.0,0,0.3623792231082916,0.36238766,-0.0063763260841369,-0.006361991,1,0.5852992534637451,0.6376207768917084,0.4147007465362549,xgboost,-0.2229200303554535,True,False,False,True,True,True,4,0,0.0,0,283.8871805667877
processed_full/blast_austin_major/blasttv-austin-major-2025-furia-vs-virtuspro-bo3-E_bOFuD3YUjLJCO2xRj0mq/furia-vs-virtus-pro-m1-mirage.csv,2,13840,50.5,0,0.3928592205047607,0.39284366,0.0304799973964691,0.030456007,1,0.5852992534637451,0.6071407794952393,0.4147007465362549,xgboost,-0.1924400329589844,True,False,False,True,True,True,4,0,0.0,0,283.8871805667877
processed_full/blast_austin_major/blasttv-austin-major-2025-furia-vs-virtuspro-bo3-E_bOFuD3YUjLJCO2xRj0mq/furia-vs-virtus-pro-m1-mirage.csv,2,13872,51.0,0,0.3878286182880401,0.3878396,-0.0050306022167205,-0.005004078,1,0.5852992534637451,0.6121713817119598,0.4147007465362549,xgboost,-0.197470635175705,True,False,False,True,True,True,4,0,0.0,0,283.8871805667877
processed_full/blast_austin_major/blasttv-austin-major-2025-furia-vs-virtuspro-bo3-E_bOFuD3YUjLJCO2xRj0mq/furia-vs-virtus-pro-m1-mirage.csv,2,13904,51.5,0,0.4011225402355194,0.40112036,0.0132939219474792,0.013280779,1,0.5852992534637451,0.5988774597644806,0.4147007465362549,xgboost,-0.1841767132282257,True,False,False,True,True,True,4,0,0.0,0,283.8871805667877
processed_full/blast_austin_major/blasttv-austin-major-2025-furia-vs-virtuspro-bo3-E_bOFuD3YUjLJCO2xRj0mq/furia-vs-virtus-pro-m1-mirage.csv,2,13936,52.0,0,0.4014089107513428,0.4014037,0.0002863705158233,0.00028333068,1,0.5852992534637451,0.5985910892486572,0.4147007465362549,xgboost,-0.1838903427124023,True,False,False,True,True,True,4,0,0.0,0,283.8871805667877
processed_full/blast_austin_major/blasttv-austin-major-2025-furia-vs-virtuspro-bo3-E_bOFuD3YUjLJCO2xRj0mq/furia-vs-virtus-pro-m1-mirage.csv,2,13968,52.5,0,0.4245377480983734,0.42454454,0.0231288373470306,0.023140848,1,0.5921524167060852,0.5754622519016266,0.4078475832939148,xgboost,-0.1676146686077118,True,False,False,True,True,True,4,0,0.0,0,283.8871805667877
processed_full/blast_austin_major/blasttv-austin-major-2025-furia-vs-virtuspro-bo3-E_bOFuD3YUjLJCO2xRj0mq/furia-vs-virtus-pro-m1-mirage.csv,2,14000,53.0,0,0.4145538508892059,0.41455805,-0.0099838972091674,-0.00998649,1,0.5912796258926392,0.5854461491107941,0.4087203741073608,xgboost,-0.1767257750034332,True,False,False,True,True,True,4,0,0.0,0,283.8871805667877
processed_full/blast_austin_major/blasttv-austin-major-2025-furia-vs-virtuspro-bo3-E_bOFuD3YUjLJCO2xRj0mq/furia-vs-virtus-pro-m1-mirage.csv,2,14032,53.5,0,0.4167682528495788,0.41676727,0.0022144019603729,0.0022092164,1,0.5919773578643799,0.5832317471504211,0.4080226421356201,xgboost,-0.175209105014801,True,False,False,True,True,True,4,0,0.0,0,283.8871805667877
processed_full/blast_austin_major/blasttv-austin-major-2025-furia-vs-virtuspro-bo3-E_bOFuD3YUjLJCO2xRj0mq/furia-vs-virtus-pro-m1-mirage.csv,2,14064,54.0,0,0.4342763423919678,0.4342676,0.0175080895423889,0.017500341,1,0.5931419730186462,0.5657236576080322,0.4068580269813537,xgboost,-0.1588656306266784,True,False,False,True,True,True,4,0,0.0,0,283.8871805667877
processed_full/blast_austin_major/blasttv-austin-major-2025-furia-vs-virtuspro-bo3-E_bOFuD3YUjLJCO2xRj0mq/furia-vs-virtus-pro-m1-mirage.csv,2,14096,54.5,0,0.4228684902191162,0.42287785,-0.0114078521728515,-0.011389762,1,0.5931419730186462,0.5771315097808838,0.4068580269813537,xgboost,-0.17027348279953,True,False,False,True,True,True,4,0,0.0,0,283.8871805667877
processed_full/blast_austin_major/blasttv-austin-major-2025-furia-vs-virtuspro-bo3-E_bOFuD3YUjLJCO2xRj0mq/furia-vs-virtus-pro-m1-mirage.csv,2,14128,55.0,0,0.4081184267997741,0.4081059,-0.014750063419342,-0.014771938,1,0.5931419730186462,0.5918815732002258,0.4068580269813537,xgboost,-0.1850235462188721,True,False,False,True,True,True,4,0,0.0,0,283.8871805667877
processed_full/blast_austin_major/blasttv-austin-major-2025-furia-vs-virtuspro-bo3-E_bOFuD3YUjLJCO2xRj0mq/furia-vs-virtus-pro-m1-mirage.csv,2,14160,55.5,0,0.4128908812999725,0.4128914,0.0047724545001983,0.004785478,1,0.5807284712791443,0.5871091187000275,0.4192715287208557,xgboost,-0.1678375899791718,True,False,False,True,True,True,4,0,0.0,0,283.8871805667877
processed_full/blast_austin_major/blasttv-austin-major-2025-furia-vs-virtuspro-bo3-E_bOFuD3YUjLJCO2xRj0mq/furia-vs-virtus-pro-m1-mirage.csv,2,14192,56.0,0,0.3978511095046997,0.39782393,-0.0150397717952728,-0.015067458,1,0.580017626285553,0.6021488904953003,0.419982373714447,xgboost,-0.1821665167808532,True,False,False,True,True,True,4,0,0.0,0,283.8871805667877
processed_full/blast_austin_major/blasttv-austin-major-2025-furia-vs-virtuspro-bo3-E_bOFuD3YUjLJCO2xRj0mq/furia-vs-virtus-pro-m1-mirage.csv,2,14224,56.5,0,0.4025004804134369,0.40254056,0.0046493709087371,0.0047166348,1,0.580017626285553,0.5974995195865631,0.419982373714447,xgboost,-0.1775171458721161,True,False,False,True,True,True,3,0,0.0,0,283.8871805667877
processed_full/blast_austin_major/blasttv-austin-major-2025-furia-vs-virtuspro-bo3-E_bOFuD3YUjLJCO2xRj0mq/furia-vs-virtus-pro-m1-mirage.csv,2,14256,57.0,0,0.4195904433727264,0.4195786,0.0170899629592895,0.017038047,1,0.579553484916687,0.5804095566272736,0.420446515083313,xgboost,-0.1599630415439606,True,False,False,True,True,True,3,0,0.0,0,283.8871805667877
processed_full/blast_austin_major/blasttv-austin-major-2025-furia-vs-virtuspro-bo3-E_bOFuD3YUjLJCO2xRj0mq/furia-vs-virtus-pro-m1-mirage.csv,2,14288,57.5,0,0.421937882900238,0.4219272,0.0023474395275115,0.0023486018,1,0.5807284712791443,0.578062117099762,0.4192715287208557,xgboost,-0.1587905883789063,True,False,False,True,True,True,3,0,0.0,0,283.8871805667877
processed_full/blast_austin_major/blasttv-austin-major-2025-furia-vs-virtuspro-bo3-E_bOFuD3YUjLJCO2xRj0mq/furia-vs-virtus-pro-m1-mirage.csv,2,14320,58.0,0,0.3984420895576477,0.39846027,-0.0234957933425903,-0.023466945,1,0.5779166221618652,0.6015579104423523,0.4220833778381347,xgboost,-0.1794745326042175,True,False,False,True,True,True,3,0,0.0,0,283.8871805667877
processed_full/blast_austin_major/blasttv-austin-major-2025-furia-vs-virtuspro-bo3-E_bOFuD3YUjLJCO2xRj0mq/furia-vs-virtus-pro-m1-mirage.csv,2,14352,58.5,0,0.3990747928619385,0.39906818,0.0006327033042907,0.0006079078,1,0.5772045254707336,0.6009252071380615,0.4227954745292663,xgboost,-0.1781297326087951,True,False,False,True,True,True,3,0,0.0,0,283.8871805667877
processed_full/blast_austin_major/blasttv-austin-major-2025-furia-vs-virtuspro-bo3-E_bOFuD3YUjLJCO2xRj0mq/furia-vs-virtus-pro-m1-mirage.csv,2,14384,59.0,0,0.3973162174224853,0.39731628,-0.0017585754394531,-0.0017518997,1,0.5788676142692566,0.6026837825775146,0.4211323857307434,xgboost,-0.1815513968467713,True,False,False,True,True,True,2,0,0.0,0,283.8871805667877
processed_full/blast_austin_major/blasttv-austin-major-2025-furia-vs-virtuspro-bo3-E_bOFuD3YUjLJCO2xRj0mq/furia-vs-virtus-pro-m1-mirage.csv,2,14416,59.5,0,0.4245194494724273,0.42452884,0.027203232049942,0.02721256,1,0.5788676142692566,0.5754805505275726,0.4211323857307434,xgboost,-0.1543481647968292,True,False,False,True,True,True,2,0,0.0,0,283.8871805667877
processed_full/blast_austin_major/blasttv-austin-major-2025-furia-vs-virtuspro-bo3-E_bOFuD3YUjLJCO2xRj0mq/furia-vs-virtus-pro-m1-mirage.csv,2,14448,60.0,0,0.4351708889007568,0.43515903,0.0106514394283294,0.01063019,1,0.5801498293876648,0.5648291110992432,0.4198501706123352,xgboost,-0.144978940486908,True,False,False,True,True,True,2,0,0.0,0,283.8871805667877
processed_full/blast_austin_major/blasttv-austin-major-2025-furia-vs-virtuspro-bo3-E_bOFuD3YUjLJCO2xRj0mq/furia-vs-virtus-pro-m1-mirage.csv,2,14480,60.5,0,0.4657561779022217,0.46576363,0.0305852890014648,0.0306046,1,0.5808606147766113,0.5342438220977783,0.4191393852233886,xgboost,-0.1151044368743896,True,False,False,True,True,True,2,0,0.0,0,283.8871805667877
processed_full/blast_austin_major/blasttv-austin-major-2025-furia-vs-virtuspro-bo3-E_bOFuD3YUjLJCO2xRj0mq/furia-vs-virtus-pro-m1-mirage.csv,2,14512,61.0,0,0.4526573121547699,0.45265102,-0.0130988657474517,-0.013112605,1,0.5837336182594299,0.5473426878452301,0.41626638174057,xgboost,-0.13107630610466,True,False,False,True,True,True,2,0,0.0,0,283.8871805667877
processed_full/blast_austin_major/blasttv-austin-major-2025-furia-vs-virtuspro-bo3-E_bOFuD3YUjLJCO2xRj0mq/furia-vs-virtus-pro-m1-mirage.csv,2,14544,61.5,0,0.4382410049438476,0.43824625,-0.0144163072109222,-0.014404774,1,0.5837336182594299,0.5617589950561523,0.41626638174057,xgboost,-0.1454926133155823,True,False,False,True,True,True,2,0,0.0,0,283.8871805667877
processed_full/blast_austin_major/blasttv-austin-major-2025-furia-vs-virtuspro-bo3-E_bOFuD3YUjLJCO2xRj0mq/furia-vs-virtus-pro-m1-mirage.csv,2,14576,62.0,0,0.4383869469165802,0.43836558,0.0001459419727325,0.0001193285,1,0.5837336182594299,0.5616130530834198,0.41626638174057,xgboost,-0.1453466713428497,True,False,False,True,True,True,2,0,0.0,0,283.8871805667877
processed_full/blast_austin_major/blasttv-austin-major-2025-furia-vs-virtuspro-bo3-E_bOFuD3YUjLJCO2xRj0mq/furia-vs-virtus-pro-m1-mirage.csv,2,14608,62.5,0,0.5004453063011169,0.5004761,0.0620583593845367,0.062110543,1,0.6279049515724182,0.499554693698883,0.3720950484275818,xgboost,-0.1274596452713012,True,False,False,True,True,True,2,0,0.0,0,283.8871805667877
processed_full/blast_austin_major/blasttv-austin-major-2025-furia-vs-virtuspro-bo3-E_bOFuD3YUjLJCO2xRj0mq/furia-vs-virtus-pro-m1-mirage.csv,2,14640,63.0,0,0.4955697357654571,0.49555847,-0.0048755705356597,-0.0049176514,1,0.6279049515724182,0.5044302642345428,0.3720950484275818,xgboost,-0.1323352158069611,True,False,False,True,True,True,2,1,0.0,0,283.8871805667877
processed_full/blast_austin_major/blasttv-austin-major-2025-furia-vs-virtuspro-bo3-E_bOFuD3YUjLJCO2xRj0mq/furia-vs-virtus-pro-m1-mirage.csv,2,14672,63.5,0,0.5367316007614136,0.5367609,0.0411618649959564,0.041202456,1,0.6490965485572815,0.4632683992385864,0.3509034514427185,xgboost,-0.1123649477958679,True,False,False,True,True,True,2,1,0.0,0,283.8871805667877
processed_full/blast_austin_major/blasttv-austin-major-2025-furia-vs-virtuspro-bo3-E_bOFuD3YUjLJCO2xRj0mq/furia-vs-virtus-pro-m1-mirage.csv,2,14704,64.0,0,0.7404375672340393,0.7403872,0.2037059664726257,0.20362628,1,0.797958254814148,0.2595624327659607,0.202041745185852,xgboost,-0.0575206875801086,True,False,False,True,True,True,2,1,0.0,0,241.38718056678772
processed_full/blast_austin_major/blasttv-austin-major-2025-furia-vs-virtuspro-bo3-E_bOFuD3YUjLJCO2xRj0mq/furia-vs-virtus-pro-m1-mirage.csv,2,14736,64.5,0,0.6875751614570618,0.6875992,-0.0528624057769775,-0.05278802,1,0.7975589036941528,0.3124248385429382,0.2024410963058471,xgboost,-0.109983742237091,True,False,False,True,True,True,2,1,0.0,0,241.38718056678772
processed_full/blast_austin_major/blasttv-austin-major-2025-furia-vs-virtuspro-bo3-E_bOFuD3YUjLJCO2xRj0mq/furia-vs-virtus-pro-m1-mirage.csv,2,14768,65.0,0,0.6944466233253479,0.69444185,0.0068714618682861,0.006842673,1,0.802963376045227,0.3055533766746521,0.1970366239547729,xgboost,-0.1085167527198791,True,False,False,True,True,True,2,1,0.0,0,241.38718056678772
processed_full/blast_austin_major/blasttv-austin-major-2025-furia-vs-virtuspro-bo3-E_bOFuD3YUjLJCO2xRj0mq/furia-vs-virtus-pro-m1-mirage.csv,2,14800,65.5,0,0.8825907707214355,0.8825829,0.1881441473960876,0.18814105,1,0.9201697707176208,0.1174092292785644,0.0798302292823791,xgboost,-0.0375789999961853,True,False,False,True,True,True,2,2,0.0,0,156.38718056678772
processed_full/blast_austin_major/blasttv-austin-major-2025-furia-vs-virtuspro-bo3-E_bOFuD3YUjLJCO2xRj0mq/furia-vs-virtus-pro-m1-mirage.csv,2,14832,66.0,0,0.7276765704154968,0.7276645,-0.1549142003059387,-0.15491843,1,0.8067078590393066,0.2723234295845032,0.1932921409606933,xgboost,-0.0790312886238098,True,False,False,True,True,True,1,2,0.0,0,194.63718056678772
processed_full/blast_austin_major/blasttv-austin-major-2025-furia-vs-virtuspro-bo3-E_bOFuD3YUjLJCO2xRj0mq/furia-vs-virtus-pro-m1-mirage.csv,2,14864,66.5,0,0.7835072875022888,0.7835089,0.0558307170867919,0.055844426,1,0.8067078590393066,0.2164927124977111,0.1932921409606933,xgboost,-0.0232005715370178,True,False,False,True,True,True,1,2,0.0,0,194.63718056678772
processed_full/blast_austin_major/blasttv-austin-major-2025-furia-vs-virtuspro-bo3-E_bOFuD3YUjLJCO2xRj0mq/furia-vs-virtus-pro-m1-mirage.csv,2,14896,67.0,0,0.7700207829475403,0.7700153,-0.0134865045547485,-0.0134935975,1,0.8088670372962952,0.2299792170524597,0.1911329627037048,xgboost,-0.0388462543487548,True,False,False,True,True,True,1,2,0.0,0,194.63718056678772
processed_full/blast_austin_major/blasttv-austin-major-2025-furia-vs-virtuspro-bo3-E_bOFuD3YUjLJCO2xRj0mq/furia-vs-virtus-pro-m1-mirage.csv,2,14928,67.5,0,0.7323476076126099,0.73235744,-0.0376731753349304,-0.037657857,1,0.8088670372962952,0.2676523923873901,0.1911329627037048,xgboost,-0.0765194296836853,True,False,False,True,True,True,1,2,0.0,0,194.63718056678772
processed_full/blast_austin_major/blasttv-austin-major-2025-furia-vs-virtuspro-bo3-E_bOFuD3YUjLJCO2xRj0mq/furia-vs-virtus-pro-m1-mirage.csv,2,14960,68.0,0,0.7448562383651733,0.7448611,0.0125086307525634,0.012503684,1,0.8096792101860046,0.2551437616348266,0.1903207898139953,xgboost,-0.0648229718208313,True,False,False,True,True,True,1,2,0.0,0,194.63718056678772
processed_full/blast_austin_major/blasttv-austin-major-2025-furia-vs-virtuspro-bo3-E_bOFuD3YUjLJCO2xRj0mq/furia-vs-virtus-pro-m1-mirage.csv,2,14992,68.5,0,0.7099674940109253,0.70996106,-0.034888744354248,-0.03490007,1,0.8104618191719055,0.2900325059890747,0.1895381808280944,xgboost,-0.1004943251609802,True,False,False,True,True,True,1,2,0.0,0,194.63718056678772
processed_full/blast_austin_major/blasttv-austin-major-2025-furia-vs-virtuspro-bo3-E_bOFuD3YUjLJCO2xRj0mq/furia-vs-virtus-pro-m1-mirage.csv,2,15024,69.0,0,0.7322655320167542,0.73227966,0.0222980380058288,0.022318602,1,0.8104618191719055,0.2677344679832458,0.1895381808280944,xgboost,-0.0781962871551513,True,False,False,True,True,True,1,2,0.0,0,194.63718056678772
processed_full/blast_austin_major/blasttv-austin-major-2025-furia-vs-virtuspro-bo3-E_bOFuD3YUjLJCO2xRj0mq/furia-vs-virtus-pro-m1-mirage.csv,2,15056,69.5,0,0.7101098895072937,0.71010053,-0.0221556425094604,-0.022179127,1,0.8104618191719055,0.2898901104927063,0.1895381808280944,xgboost,-0.1003519296646118,True,False,False,True,True,True,1,2,0.0,0,194.63718056678772
processed_full/blast_austin_major/blasttv-austin-major-2025-furia-vs-virtuspro-bo3-E_bOFuD3YUjLJCO2xRj0mq/furia-vs-virtus-pro-m1-mirage.csv,2,15088,70.0,0,0.9166854619979858,0.9166812,0.2065755724906921,0.20658064,1,0.9793363213539124,0.0833145380020141,0.0206636786460876,xgboost,-0.0626508593559265,True,False,False,True,True,True,1,1,0.0,0,194.63718056678772
processed_full/blast_austin_major/blasttv-austin-major-2025-furia-vs-virtuspro-bo3-E_bOFuD3YUjLJCO2xRj0mq/furia-vs-virtus-pro-m1-mirage.csv,2,15120,70.5,0,0.9271542429924012,0.92715555,0.0104687809944152,0.010474384,1,0.9788177609443665,0.0728457570075987,0.0211822390556335,xgboost,-0.0516635179519652,True,False,False,True,True,True,1,1,0.0,0,194.63718056678772
processed_full/blast_austin_major/blasttv-austin-major-2025-furia-vs-virtuspro-bo3-E_bOFuD3YUjLJCO2xRj0mq/furia-vs-virtus-pro-m1-mirage.csv,2,15152,71.0,0,0.93251371383667,0.93250686,0.0053594708442687,0.005351305,1,0.9791746735572816,0.0674862861633299,0.0208253264427185,xgboost,-0.0466609597206114,True,False,False,True,True,True,1,1,0.0,0,194.63718056678772
processed_full/blast_austin_major/blasttv-austin-major-2025-furia-vs-virtuspro-bo3-E_bOFuD3YUjLJCO2xRj0mq/furia-vs-virtus-pro-m1-mirage.csv,2,15184,71.5,0,0.9402630925178528,0.94027495,0.0077493786811828,0.0077680945,1,0.9802482724189758,0.0597369074821472,0.0197517275810241,xgboost,-0.039985179901123,True,False,False,True,True,True,1,1,0.0,0,194.63718056678772
processed_full/blast_austin_major/blasttv-austin-major-2025-furia-vs-virtuspro-bo3-E_bOFuD3YUjLJCO2xRj0mq/furia-vs-virtus-pro-m1-mirage.csv,2,15216,72.0,0,0.9444348216056824,0.9444315,0.0041717290878295,0.00415653,1,0.980125367641449,0.0555651783943176,0.019874632358551,xgboost,-0.0356905460357666,True,False,False,True,True,True,1,1,0.0,0,194.63718056678772
processed_full/blast_austin_major/blasttv-austin-major-2025-furia-vs-virtuspro-bo3-E_bOFuD3YUjLJCO2xRj0mq/furia-vs-virtus-pro-m1-mirage.csv,2,15248,72.5,0,0.950068175792694,0.95008,0.0056333541870117,0.0056484938,1,0.980125367641449,0.049931824207306,0.019874632358551,xgboost,-0.0300571918487549,True,False,False,True,True,True,1,0,0.0,0,194.63718056678772
processed_full/blast_austin_major/blasttv-austin-major-2025-furia-vs-virtuspro-bo3-E_bOFuD3YUjLJCO2xRj0mq/furia-vs-virtus-pro-m1-mirage.csv,2,15280,73.0,0,0.9506558179855348,0.9506417,0.0005876421928405,0.0005617142,1,0.9811254739761353,0.0493441820144652,0.0188745260238647,xgboost,-0.0304696559906004,True,False,False,True,True,True,1,0,0.0,0,194.63718056678772
processed_full/blast_austin_major/blasttv-austin-major-2025-furia-vs-virtuspro-bo3-E_bOFuD3YUjLJCO2xRj0mq/furia-vs-virtus-pro-m1-mirage.csv,2,15312,73.5,0,0.9537004232406616,0.9537042,0.0030446052551269,0.0030624866,1,0.980973780155182,0.0462995767593383,0.0190262198448181,xgboost,-0.0272733569145202,True,False,False,True,True,True,1,0,0.0,0,194.63718056678772
processed_full/blast_austin_major/blasttv-austin-major-2025-furia-vs-virtuspro-bo3-E_bOFuD3YUjLJCO2xRj0mq/furia-vs-virtus-pro-m1-mirage.csv,2,15344,74.0,0,0.9510678648948668,0.9510665,-0.0026325583457946,-0.0026376843,1,0.980927586555481,0.0489321351051331,0.019072413444519,xgboost,-0.0298597216606141,True,False,False,True,True,True,1,0,0.0,0,194.63718056678772
processed_full/blast_austin_major/blasttv-austin-major-2025-furia-vs-virtuspro-bo3-E_bOFuD3YUjLJCO2xRj0mq/furia-vs-virtus-pro-m1-mirage.csv,2,15376,74.5,0,0.9518488645553588,0.9518294,0.0007809996604919,0.00076287985,1,0.980927586555481,0.0481511354446412,0.019072413444519,xgboost,-0.0290787220001221,True,False,False,True,True,True,1,0,0.0,0,194.63718056678772
processed_full/blast_austin_major/blasttv-austin-major-2025-furia-vs-virtuspro-bo3-E_bOFuD3YUjLJCO2xRj0mq/furia-vs-virtus-pro-m1-mirage.csv,2,15408,75.0,0,0.9498748779296876,0.9498924,-0.0019739866256713,-0.0019369721,1,0.981596052646637,0.0501251220703123,0.018403947353363,xgboost,-0.0317211747169493,True,False,False,True,True,True,1,0,0.0,0,194.63718056678772
processed_full/blast_austin_major/blasttv-austin-major-2025-furia-vs-virtuspro-bo3-E_bOFuD3YUjLJCO2xRj0mq/furia-vs-virtus-pro-m1-mirage.csv,2,15440,75.5,0,0.9532932639122008,0.95329815,0.0034183859825134,0.0034057498,1,0.9815783500671388,0.0467067360877991,0.0184216499328613,xgboost,-0.0282850861549378,True,False,False,True,True,True,1,0,0.0,0,194.63718056678772
processed_full/blast_austin_major/blasttv-austin-major-2025-furia-vs-virtuspro-bo3-E_bOFuD3YUjLJCO2xRj0mq/furia-vs-virtus-pro-m1-mirage.csv,2,15472,76.0,0,0.9549102783203124,0.9549113,0.0016170144081115,0.0016131401,1,0.9815783500671388,0.0450897216796876,0.0184216499328613,xgboost,-0.0266680717468262,True,False,False,True,True,True,1,0,0.0,0,194.63718056678772
processed_full/blast_austin_major/blasttv-austin-major-2025-furia-vs-virtuspro-bo3-E_bOFuD3YUjLJCO2xRj0mq/furia-vs-virtus-pro-m1-mirage.csv,2,15504,76.5,0,0.953001081943512,0.95300525,-0.0019091963768005,-0.0019060373,1,0.9815783500671388,0.046998918056488,0.0184216499328613,xgboost,-0.0285772681236267,True,False,False,True,True,True,1,0,0.0,0,194.63718056678772
processed_full/blast_austin_major/blasttv-austin-major-2025-furia-vs-virtuspro-bo3-E_bOFuD3YUjLJCO2xRj0mq/furia-vs-virtus-pro-m1-mirage.csv,2,15536,77.0,0,0.9538434743881226,0.95382863,0.0008423924446105,0.00082337856,1,0.9815783500671388,0.0461565256118774,0.0184216499328613,xgboost,-0.0277348756790161,True,False,False,True,True,True,1,0,0.0,0,194.63718056678772
processed_full/blast_austin_major/blasttv-austin-major-2025-furia-vs-virtuspro-bo3-E_bOFuD3YUjLJCO2xRj0mq/furia-vs-virtus-pro-m1-mirage.csv,2,15568,77.5,0,0.954778790473938,0.95479965,0.0009353160858154,0.00097101927,1,0.9815783500671388,0.045221209526062,0.0184216499328613,xgboost,-0.0267995595932006,True,False,False,True,True,True,1,0,0.0,0,194.63718056678772
processed_full/blast_austin_major/blasttv-austin-major-2025-furia-vs-virtuspro-bo3-E_bOFuD3YUjLJCO2xRj0mq/furia-vs-virtus-pro-m1-mirage.csv,2,15600,78.0,0,0.9538213610649108,0.95379776,-0.000957429409027,-0.0010018945,1,0.9818997383117676,0.0461786389350892,0.0181002616882324,xgboost,-0.0280783772468568,True,False,False,True,True,True,1,0,0.0,0,194.63718056678772
processed_full/blast_austin_major/blasttv-austin-major-2025-furia-vs-virtuspro-bo3-E_bOFuD3YUjLJCO2xRj0mq/furia-vs-virtus-pro-m1-mirage.csv,2,15632,78.5,0,0.9536020159721376,0.9536192,-0.0002193450927734,-0.00017857552,1,0.9818997383117676,0.0463979840278624,0.0181002616882324,xgboost,-0.02829772233963,True,False,False,True,True,True,1,0,0.0,0,194.63718056678772
processed_full/blast_austin_major/blasttv-austin-major-2025-furia-vs-virtuspro-bo3-E_bOFuD3YUjLJCO2xRj0mq/furia-vs-virtus-pro-m1-mirage.csv,2,15664,79.0,0,0.95413738489151,0.95412534,0.0005353689193725,0.00050616264,1,0.9818997383117676,0.0458626151084899,0.0181002616882324,xgboost,-0.0277623534202575,True,False,False,True,True,True,1,0,0.0,0,194.63718056678772
processed_full/blast_austin_major/blasttv-austin-major-2025-furia-vs-virtuspro-bo3-E_bOFuD3YUjLJCO2xRj0mq/furia-vs-virtus-pro-m1-mirage.csv,2,15696,79.5,0,0.9528757333755492,0.95289755,-0.0012616515159606,-0.0012277961,1,0.985365629196167,0.0471242666244507,0.014634370803833,xgboost,-0.0324898958206177,True,False,False,True,True,True,1,0,0.0,0,194.63718056678772
processed_full/blast_austin_major/blasttv-austin-major-2025-furia-vs-virtuspro-bo3-E_bOFuD3YUjLJCO2xRj0mq/furia-vs-virtus-pro-m1-mirage.csv,2,15728,80.0,0,0.953602969646454,0.9535868,0.0007272362709045,0.0006892681,1,0.985365629196167,0.046397030353546,0.014634370803833,xgboost,-0.031762659549713,True,False,False,True,True,True,1,0,0.0,0,194.63718056678772
processed_full/blast_austin_major/blasttv-austin-major-2025-furia-vs-virtuspro-bo3-E_bOFuD3YUjLJCO2xRj0mq/furia-vs-virtus-pro-m1-mirage.csv,2,15760,80.5,0,0.9528632760047911,0.9528431,-0.0007396936416625,-0.00074368715,1,0.9853255152702332,0.0471367239952088,0.0146744847297668,xgboost,-0.032462239265442,False,False,False,True,True,False,0,0,0.0,0,194.63718056678772
processed_full/blast_austin_major/blasttv-austin-major-2025-furia-vs-virtuspro-bo3-E_bOFuD3YUjLJCO2xRj0mq/furia-vs-virtus-pro-m1-mirage.csv,2,15792,81.0,0,0.9512625336647034,0.9513088,-0.0016007423400878,-0.0015343428,1,0.98509281873703,0.0487374663352966,0.0149071812629699,xgboost,-0.0338302850723266,False,False,False,True,True,False,0,0,0.0,0,194.63718056678772
processed_full/blast_austin_major/blasttv-austin-major-2025-furia-vs-virtuspro-bo3-E_bOFuD3YUjLJCO2xRj0mq/furia-vs-virtus-pro-m1-mirage.csv,2,15824,81.5,0,0.9496338963508606,0.9496138,-0.0016286373138427,-0.0016949773,1,0.9852723479270936,0.0503661036491394,0.0147276520729064,xgboost,-0.0356384515762329,False,False,False,True,True,False,0,0,0.0,0,194.63718056678772
processed_full/blast_austin_major/blasttv-austin-major-2025-furia-vs-virtuspro-bo3-E_bOFuD3YUjLJCO2xRj0mq/furia-vs-virtus-pro-m1-mirage.csv,2,15856,82.0,0,0.953645884990692,0.9536405,0.0040119886398315,0.004026711,1,0.9852723479270936,0.0463541150093079,0.0147276520729064,xgboost,-0.0316264629364014,False,False,False,True,True,False,0,0,0.0,0,194.63718056678772
processed_full/blast_austin_major/blasttv-austin-major-2025-furia-vs-virtuspro-bo3-E_bOFuD3YUjLJCO2xRj0mq/furia-vs-virtus-pro-m1-mirage.csv,2,15888,82.5,0,0.9518468379974364,0.9518368,-0.0017990469932556,-0.0018036962,1,0.9852723479270936,0.0481531620025635,0.0147276520729064,xgboost,-0.033425509929657,False,False,False,True,True,False,0,0,0.0,0,194.63718056678772
processed_full/blast_austin_major/blasttv-austin-major-2025-furia-vs-virtuspro-bo3-E_bOFuD3YUjLJCO2xRj0mq/furia-vs-virtus-pro-m1-mirage.csv,2,15920,83.0,0,0.9549187421798706,0.9549107,0.003071904182434,0.0030738711,1,0.9850099682807922,0.0450812578201293,0.0149900317192077,xgboost,-0.0300912261009216,False,False,False,True,True,False,0,0,0.0,0,194.63718056678772
processed_full/blast_austin_major/blasttv-austin-major-2025-furia-vs-virtuspro-bo3-E_bOFuD3YUjLJCO2xRj0mq/furia-vs-virtus-pro-m1-mirage.csv,2,15952,83.5,0,0.9536889791488647,0.9536925,-0.0012297630310058,-0.0012181997,1,0.9853137135505676,0.0463110208511352,0.0146862864494323,xgboost,-0.0316247344017028,False,False,False,True,True,False,0,0,0.0,0,194.63718056678772
processed_full/blast_austin_major/blasttv-austin-major-2025-furia-vs-virtuspro-bo3-E_bOFuD3YUjLJCO2xRj0mq/furia-vs-virtus-pro-m1-mirage.csv,2,15984,84.0,0,0.9524985551834106,0.95251226,-0.0011904239654541,-0.0011802316,1,0.9852075576782228,0.0475014448165893,0.0147924423217773,xgboost,-0.032709002494812,False,False,False,True,True,False,0,0,0.0,0,194.63718056678772
processed_full/blast_austin_major/blasttv-austin-major-2025-furia-vs-virtuspro-bo3-E_bOFuD3YUjLJCO2xRj0mq/furia-vs-virtus-pro-m1-mirage.csv,2,16016,84.5,0,0.952158749103546,0.95216566,-0.0003398060798645,-0.000346601,1,0.9852075576782228,0.0478412508964539,0.0147924423217773,xgboost,-0.0330488085746766,False,False,False,True,True,False,0,0,0.0,0,194.63718056678772
processed_full/blast_austin_major/blasttv-austin-major-2025-furia-vs-virtuspro-bo3-E_bOFuD3YUjLJCO2xRj0mq/furia-vs-virtus-pro-m1-mirage.csv,2,16048,85.0,0,0.95222669839859,0.9522263,6.794929504394531e-05,6.0617924e-05,1,0.9854665994644164,0.04777330160141,0.0145334005355834,xgboost,-0.0332399010658265,False,False,False,True,True,False,0,0,0.0,0,194.63718056678772
processed_full/blast_austin_major/blasttv-austin-major-2025-furia-vs-virtuspro-bo3-E_bOFuD3YUjLJCO2xRj0mq/furia-vs-virtus-pro-m1-mirage.csv,2,16080,85.5,0,0.9514044523239136,0.9514031,-0.0008222460746765,-0.00082319975,1,0.9853856563568116,0.0485955476760864,0.0146143436431884,xgboost,-0.0339812040328979,False,False,False,True,True,False,0,0,0.0,0,194.63718056678772
processed_full/blast_austin_major/blasttv-austin-major-2025-furia-vs-virtuspro-bo3-E_bOFuD3YUjLJCO2xRj0mq/furia-vs-virtus-pro-m1-mirage.csv,2,16112,86.0,0,0.9514116644859314,0.9514246,7.212162017822266e-06,2.1517277e-05,1,0.9855164885520936,0.0485883355140686,0.0144835114479064,xgboost,-0.0341048240661621,False,False,False,True,True,False,0,0,0.0,0,194.63718056678772
processed_full/blast_austin_major/blasttv-austin-major-2025-furia-vs-virtuspro-bo3-E_bOFuD3YUjLJCO2xRj0mq/furia-vs-virtus-pro-m1-mirage.csv,2,16144,86.5,0,0.950818121433258,0.9508049,-0.0005935430526733,-0.0006197095,1,0.9855637550354004,0.049181878566742,0.0144362449645996,xgboost,-0.0347456336021424,False,False,False,True,True,False,0,0,0.0,0,194.63718056678772
processed_full/blast_austin_major/blasttv-austin-major-2025-furia-vs-virtuspro-bo3-E_bOFuD3YUjLJCO2xRj0mq/furia-vs-virtus-pro-m1-mirage.csv,2,16176,87.0,0,0.9506070613861084,0.95058215,-0.0002110600471496,-0.00022274256,1,0.985598921775818,0.0493929386138916,0.0144010782241821,xgboost,-0.0349918603897094,False,False,False,True,True,False,0,0,0.0,0,194.63718056678772
processed_full/blast_austin_major/blasttv-austin-major-2025-furia-vs-virtuspro-bo3-E_bOFuD3YUjLJCO2xRj0mq/furia-vs-virtus-pro-m1-mirage.csv,2,16208,87.5,0,0.9502934217453004,0.95028025,-0.0003136396408081,-0.00030189753,1,0.9857257604599,0.0497065782546995,0.0142742395401,xgboost,-0.0354323387145995,False,False,False,True,True,False,0,0,0.0,0,194.63718056678772
processed_full/blast_austin_major/blasttv-austin-major-2025-furia-vs-virtuspro-bo3-E_bOFuD3YUjLJCO2xRj0mq/furia-vs-virtus-pro-m1-mirage.csv,2,16240,88.0,0,0.952753722667694,0.952761,0.0024603009223937,0.0024807453,1,0.9857257604599,0.047246277332306,0.0142742395401,xgboost,-0.0329720377922059,False,False,False,True,True,False,0,0,0.0,0,194.63718056678772
processed_full/blast_austin_major/blasttv-austin-major-2025-furia-vs-virtuspro-bo3-E_bOFuD3YUjLJCO2xRj0mq/furia-vs-virtus-pro-m1-mirage.csv,2,16272,88.5,0,0.9573026895523072,0.95733184,0.004548966884613,0.004570842,1,0.9857257604599,0.0426973104476927,0.0142742395401,xgboost,-0.0284230709075926,False,False,False,True,True,False,0,0,0.0,0,194.63718056678772
processed_full/blast_austin_major/blasttv-austin-major-2025-furia-vs-virtuspro-bo3-E_bOFuD3YUjLJCO2xRj0mq/furia-vs-virtus-pro-m1-mirage.csv,2,16304,89.0,0,0.9558781385421752,0.95587057,-0.0014245510101318,-0.0014612675,1,0.9857257604599,0.0441218614578248,0.0142742395401,xgboost,-0.0298476219177247,False,False,False,True,True,False,0,0,0.0,0,194.63718056678772
processed_full/blast_austin_major/blasttv-austin-major-2025-furia-vs-virtuspro-bo3-E_bOFuD3YUjLJCO2xRj0mq/furia-vs-virtus-pro-m1-mirage.csv,2,16336,89.5,0,0.9609824419021606,0.9609887,0.0051043033599853,0.0051181316,1,0.9856237173080444,0.0390175580978393,0.0143762826919555,xgboost,-0.0246412754058837,False,False,False,True,True,False,0,0,0.0,0,194.63718056678772
processed_full/blast_austin_major/blasttv-austin-major-2025-furia-vs-virtuspro-bo3-E_bOFuD3YUjLJCO2xRj0mq/furia-vs-virtus-pro-m1-mirage.csv,2,16368,90.0,0,0.9611703157424928,0.96117026,0.000187873840332,0.00018155575,1,0.9856237173080444,0.0388296842575072,0.0143762826919555,xgboost,-0.0244534015655516,False,False,False,True,True,False,0,0,0.0,0,194.63718056678772
processed_full/blast_austin_major/blasttv-austin-major-2025-furia-vs-virtuspro-bo3-E_bOFuD3YUjLJCO2xRj0mq/furia-vs-virtus-pro-m1-mirage.csv,2,16400,90.5,0,0.9603073000907898,0.9602754,-0.0008630156517028,-0.00089484453,1,0.9856237173080444,0.0396926999092102,0.0143762826919555,xgboost,-0.0253164172172546,False,False,False,True,True,False,0,0,0.0,0,194.63718056678772
processed_full/blast_austin_major/blasttv-austin-major-2025-furia-vs-virtuspro-bo3-E_bOFuD3YUjLJCO2xRj0mq/furia-vs-virtus-pro-m1-mirage.csv,2,16432,91.0,0,0.9595388174057008,0.9595745,-0.0007684826850891,-0.000700891,1,0.9856237173080444,0.0404611825942992,0.0143762826919555,xgboost,-0.0260848999023436,False,False,False,True,True,False,0,0,0.0,0,194.63718056678772
processed_full/blast_austin_major/blasttv-austin-major-2025-furia-vs-virtuspro-bo3-E_bOFuD3YUjLJCO2xRj0mq/furia-vs-virtus-pro-m1-mirage.csv,2,16464,91.5,0,0.9591315984725952,0.95912975,-0.0004072189331054,-0.00044476986,1,0.9856237173080444,0.0408684015274047,0.0143762826919555,xgboost,-0.0264921188354492,False,False,False,True,True,False,0,0,0.0,0,194.63718056678772
processed_full/blast_austin_major/blasttv-austin-major-2025-furia-vs-virtuspro-bo3-E_bOFuD3YUjLJCO2xRj0mq/furia-vs-virtus-pro-m1-mirage.csv,2,16496,92.0,0,0.9610149264335632,0.96101123,0.001883327960968,0.0018814802,1,0.9856237173080444,0.0389850735664367,0.0143762826919555,xgboost,-0.0246087908744812,False,False,False,True,True,False,0,0,0.0,0,194.63718056678772
processed_full/blast_austin_major/blasttv-austin-major-2025-furia-vs-virtuspro-bo3-E_bOFuD3YUjLJCO2xRj0mq/furia-vs-virtus-pro-m1-mirage.csv,2,16528,92.5,0,0.9592778086662292,0.9592541,-0.0017371177673339,-0.0017571449,1,0.9856237173080444,0.0407221913337707,0.0143762826919555,xgboost,-0.0263459086418151,False,False,False,True,True,False,0,0,0.0,0,194.63718056678772
processed_full/blast_austin_major/blasttv-austin-major-2025-furia-vs-virtuspro-bo3-E_bOFuD3YUjLJCO2xRj0mq/furia-vs-virtus-pro-m1-mirage.csv,2,16560,93.0,0,0.9606266617774964,0.96063864,0.001348853111267,0.0013845563,1,0.9856237173080444,0.0393733382225035,0.0143762826919555,xgboost,-0.0249970555305479,False,False,False,True,True,False,0,0,0.0,0,194.63718056678772
processed_full/blast_austin_major/blasttv-austin-major-2025-furia-vs-virtuspro-bo3-E_bOFuD3YUjLJCO2xRj0mq/furia-vs-virtus-pro-m1-mirage.csv,2,16592,93.5,0,0.957427442073822,0.95743304,-0.0031992197036743,-0.0032055974,1,0.9856237173080444,0.0425725579261779,0.0143762826919555,xgboost,-0.0281962752342224,False,False,False,True,True,False,0,0,0.0,0,194.63718056678772
processed_full/blast_austin_major/blasttv-austin-major-2025-furia-vs-virtuspro-bo3-E_bOFuD3YUjLJCO2xRj0mq/furia-vs-virtus-pro-m1-mirage.csv,2,16624,94.0,0,0.9561901092529296,0.95619136,-0.0012373328208923,-0.001241684,1,0.9856228232383728,0.0438098907470704,0.0143771767616271,xgboost,-0.0294327139854432,False,False,False,True,True,False,0,0,0.0,0,194.63718056678772
processed_full/blast_austin_major/blasttv-austin-major-2025-furia-vs-virtuspro-bo3-E_bOFuD3YUjLJCO2xRj0mq/furia-vs-virtus-pro-m1-mirage.csv,2,16656,94.5,0,0.9574086666107178,0.9574206,0.001218557357788,0.0012292266,1,0.9854959845542908,0.0425913333892822,0.0145040154457092,xgboost,-0.0280873179435729,False,False,False,True,True,False,0,0,0.0,0,194.63718056678772
processed_full/blast_austin_major/blasttv-austin-major-2025-furia-vs-virtuspro-bo3-E_bOFuD3YUjLJCO2xRj0mq/furia-vs-virtus-pro-m1-mirage.csv,2,16688,95.0,0,0.9599777460098268,0.95996207,0.0025690793991088,0.0025414824,1,0.9856237173080444,0.0400222539901732,0.0143762826919555,xgboost,-0.0256459712982176,False,False,False,True,True,False,0,0,0.0,0,194.63718056678772
processed_full/blast_austin_major/blasttv-austin-major-2025-furia-vs-virtuspro-bo3-E_bOFuD3YUjLJCO2xRj0mq/furia-vs-virtus-pro-m1-mirage.csv,2,16720,95.5,0,0.9627041220664978,0.9627303,0.0027263760566711,0.0027682185,1,0.9856237173080444,0.0372958779335022,0.0143762826919555,xgboost,-0.0229195952415466,False,False,False,True,True,False,0,0,0.0,0,194.63718056678772
processed_full/blast_austin_major/blasttv-austin-major-2025-furia-vs-virtuspro-bo3-E_bOFuD3YUjLJCO2xRj0mq/furia-vs-virtus-pro-m1-mirage.csv,2,16752,96.0,0,0.9696490168571472,0.96963173,0.0069448947906494,0.006901443,1,0.9856237173080444,0.0303509831428527,0.0143762826919555,xgboost,-0.0159747004508972,False,False,False,True,True,False,0,0,0.0,0,194.63718056678772
processed_full/blast_austin_major/blasttv-austin-major-2025-furia-vs-virtuspro-bo3-E_bOFuD3YUjLJCO2xRj0mq/furia-vs-virtus-pro-m1-mirage.csv,2,16784,96.5,0,0.9694915413856506,0.96945554,-0.0001574754714965,-0.00017619133,1,0.9856237173080444,0.0305084586143493,0.0143762826919555,xgboost,-0.0161321759223938,False,False,False,True,True,False,0,0,0.0,0,194.63718056678772
processed_full/blast_austin_major/blasttv-austin-major-2025-furia-vs-virtuspro-bo3-E_bOFuD3YUjLJCO2xRj0mq/furia-vs-virtus-pro-m1-mirage.csv,2,16816,97.0,0,0.9707995653152466,0.97084266,0.0013080239295959,0.0013871193,1,0.9856237173080444,0.0292004346847534,0.0143762826919555,xgboost,-0.0148241519927978,False,False,False,True,True,False,0,0,0.0,0,194.63718056678772
processed_full/blast_austin_major/blasttv-austin-major-2025-furia-vs-virtuspro-bo3-E_bOFuD3YUjLJCO2xRj0mq/furia-vs-virtus-pro-m1-mirage.csv,2,16848,97.5,0,0.9663174748420716,0.96631825,-0.004482090473175,-0.00452441,1,0.9856237173080444,0.0336825251579283,0.0143762826919555,xgboost,-0.0193062424659727,False,False,False,True,True,False,0,0,0.0,0,194.63718056678772
processed_full/blast_austin_major/blasttv-austin-major-2025-furia-vs-virtuspro-bo3-E_bOFuD3YUjLJCO2xRj0mq/furia-vs-virtus-pro-m1-mirage.csv,2,16880,98.0,0,0.9676132798194884,0.9675996,0.0012958049774169,0.001281321,1,0.9856237173080444,0.0323867201805115,0.0143762826919555,xgboost,-0.018010437488556,False,False,False,True,True,False,0,0,0.0,0,194.63718056678772
processed_full/blast_austin_major/blasttv-austin-major-2025-furia-vs-virtuspro-bo3-E_bOFuD3YUjLJCO2xRj0mq/furia-vs-virtus-pro-m1-mirage.csv,2,16912,98.5,0,0.9696077704429626,0.9696168,0.0019944906234741,0.0020172,1,0.9856237173080444,0.0303922295570373,0.0143762826919555,xgboost,-0.0160159468650817,False,False,False,True,True,False,0,0,0.0,0,194.63718056678772
processed_full/blast_austin_major/blasttv-austin-major-2025-furia-vs-virtuspro-bo3-E_bOFuD3YUjLJCO2xRj0mq/furia-vs-virtus-pro-m1-mirage.csv,2,16944,99.0,0,0.9681631326675416,0.9681476,-0.0014446377754211,-0.0014691949,1,0.9856237173080444,0.0318368673324583,0.0143762826919555,xgboost,-0.0174605846405028,False,False,False,True,True,False,0,0,0.0,0,194.63718056678772
processed_full/blast_austin_major/blasttv-austin-major-2025-furia-vs-virtuspro-bo3-E_bOFuD3YUjLJCO2xRj0mq/furia-vs-virtus-pro-m1-mirage.csv,2,16976,99.5,0,0.9680197834968568,0.96805507,-0.0001433491706848,-9.250641e-05,1,0.9856237173080444,0.0319802165031432,0.0143762826919555,xgboost,-0.0176039338111876,False,False,False,True,True,False,0,0,0.0,0,194.63718056678772
processed_full/blast_austin_major/blasttv-austin-major-2025-furia-vs-virtuspro-bo3-E_bOFuD3YUjLJCO2xRj0mq/furia-vs-virtus-pro-m1-mirage.csv,2,17008,100.0,0,0.9682245850563048,0.96820325,0.0002048015594482,0.00014817715,1,0.9856237173080444,0.0317754149436951,0.0143762826919555,xgboost,-0.0173991322517396,False,False,False,True,True,False,0,0,0.0,0,194.63718056678772
processed_full/blast_austin_major/blasttv-austin-major-2025-furia-vs-virtuspro-bo3-E_bOFuD3YUjLJCO2xRj0mq/furia-vs-virtus-pro-m1-mirage.csv,2,17040,100.5,0,0.9707998633384703,0.9707727,0.0025752782821655,0.002569437,1,0.9857686161994934,0.0292001366615296,0.0142313838005065,xgboost,-0.014968752861023,False,False,False,True,True,False,0,0,0.0,0,194.63718056678772
processed_full/blast_austin_major/blasttv-austin-major-2025-furia-vs-virtuspro-bo3-E_bOFuD3YUjLJCO2xRj0mq/furia-vs-virtus-pro-m1-mirage.csv,2,17072,101.0,0,0.9710956811904908,0.9711144,0.0002958178520202,0.00034171343,1,0.9857686161994934,0.0289043188095091,0.0142313838005065,xgboost,-0.0146729350090025,False,False,False,True,True,False,0,0,0.0,0,194.63718056678772
processed_full/blast_austin_major/blasttv-austin-major-2025-furia-vs-virtuspro-bo3-E_bOFuD3YUjLJCO2xRj0mq/furia-vs-virtus-pro-m1-mirage.csv,2,17104,101.5,0,0.9725255966186525,0.97254264,0.0014299154281616,0.0014282465,1,0.9857686161994934,0.0274744033813475,0.0142313838005065,xgboost,-0.0132430195808409,False,False,False,True,True,False,0,0,0.0,0,194.63718056678772
processed_full/blast_austin_major/blasttv-austin-major-2025-furia-vs-virtuspro-bo3-E_bOFuD3YUjLJCO2xRj0mq/furia-vs-virtus-pro-m1-mirage.csv,2,17136,102.0,0,0.9739378094673156,0.97394437,0.0014122128486633,0.0014017224,1,0.9857686161994934,0.0260621905326844,0.0142313838005065,xgboost,-0.0118308067321778,False,False,False,True,True,False,0,0,0.0,0,194.63718056678772
processed_full/blast_austin_major/blasttv-austin-major-2025-furia-vs-virtuspro-bo3-E_bOFuD3YUjLJCO2xRj0mq/furia-vs-virtus-pro-m1-mirage.csv,2,17168,102.5,0,0.9735339283943176,0.97350186,-0.000403881072998,-0.00044250488,1,0.9857686161994934,0.0264660716056823,0.0142313838005065,xgboost,-0.0122346878051757,False,False,False,True,True,False,0,0,0.0,0,194.63718056678772
processed_full/blast_austin_major/blasttv-austin-major-2025-furia-vs-virtuspro-bo3-E_bOFuD3YUjLJCO2xRj0mq/furia-vs-virtus-pro-m1-mirage.csv,2,17200,103.0,0,0.9736639857292176,0.9737062,0.0001300573348999,0.00020432472,1,0.9861831665039062,0.0263360142707823,0.0138168334960937,xgboost,-0.0125191807746886,False,False,False,True,True,False,0,0,0.0,0,194.63718056678772
processed_full/blast_austin_major/blasttv-austin-major-2025-furia-vs-virtuspro-bo3-E_bOFuD3YUjLJCO2xRj0mq/furia-vs-virtus-pro-m1-mirage.csv,2,17232,103.5,0,0.97441303730011,0.97438,0.0007490515708923,0.0006738305,1,0.9861831665039062,0.02558696269989,0.0138168334960937,xgboost,-0.0117701292037962,False,False,False,True,True,False,0,0,0.0,0,194.63718056678772
processed_full/blast_austin_major/blasttv-austin-major-2025-furia-vs-virtuspro-bo3-E_bOFuD3YUjLJCO2xRj0mq/furia-vs-virtus-pro-m1-mirage.csv,2,17264,104.0,0,0.9731677770614624,0.9731683,-0.0012452602386474,-0.0012117028,1,0.9866155385971068,0.0268322229385375,0.013384461402893,xgboost,-0.0134477615356445,False,False,False,True,True,False,0,0,0.0,0,194.63718056678772
processed_full/blast_austin_major/blasttv-austin-major-2025-furia-vs-virtuspro-bo3-E_bOFuD3YUjLJCO2xRj0mq/furia-vs-virtus-pro-m1-mirage.csv,2,17296,104.5,0,0.9741995334625244,0.9742076,0.001031756401062,0.0010392666,1,0.9866155385971068,0.0258004665374755,0.013384461402893,xgboost,-0.0124160051345825,False,False,False,True,True,False,0,0,0.0,0,194.63718056678772
processed_full/blast_austin_major/blasttv-austin-major-2025-furia-vs-virtuspro-bo3-E_bOFuD3YUjLJCO2xRj0mq/furia-vs-virtus-pro-m1-mirage.csv,2,17328,105.0,0,0.9744417071342468,0.9744253,0.0002421736717224,0.00021773577,1,0.9866155385971068,0.0255582928657531,0.013384461402893,xgboost,-0.0121738314628601,False,False,False,True,True,False,0,0,0.0,0,194.63718056678772
processed_full/blast_austin_major/blasttv-austin-major-2025-furia-vs-virtuspro-bo3-E_bOFuD3YUjLJCO2xRj0mq/furia-vs-virtus-pro-m1-mirage.csv,2,17360,105.5,0,0.9745175242424012,0.97457385,7.581710815429688e-05,0.00014853477,1,0.9866155385971068,0.0254824757575987,0.013384461402893,xgboost,-0.0120980143547057,False,False,False,True,True,False,0,0,0.0,0,194.63718056678772
processed_full/blast_austin_major/blasttv-austin-major-2025-furia-vs-virtuspro-bo3-E_bOFuD3YUjLJCO2xRj0mq/furia-vs-virtus-pro-m1-mirage.csv,2,17392,106.0,0,0.9747939705848694,0.9747898,0.0002764463424682,0.00021594763,1,0.9870201349258424,0.0252060294151306,0.0129798650741577,xgboost,-0.0122261643409729,False,False,False,True,True,False,0,0,0.0,0,194.63718056678772
processed_full/blast_austin_major/blasttv-austin-major-2025-furia-vs-virtuspro-bo3-E_bOFuD3YUjLJCO2xRj0mq/furia-vs-virtus-pro-m1-mirage.csv,2,17424,106.5,0,0.971690833568573,0.9716502,-0.0031031370162963,-0.003139615,1,0.9868642687797546,0.028309166431427,0.0131357312202453,xgboost,-0.0151734352111816,False,False,False,True,True,False,0,0,0.0,0,194.63718056678772
processed_full/blast_austin_major/blasttv-austin-major-2025-furia-vs-virtuspro-bo3-E_bOFuD3YUjLJCO2xRj0mq/furia-vs-virtus-pro-m1-mirage.csv,2,17456,107.0,0,0.9691553115844728,0.9691455,-0.0025355219841003,-0.0025047064,1,0.9874486327171326,0.0308446884155272,0.0125513672828674,xgboost,-0.0182933211326598,False,False,False,True,True,False,0,0,0.0,0,194.63718056678772
processed_full/blast_austin_major/blasttv-austin-major-2025-furia-vs-virtuspro-bo3-E_bOFuD3YUjLJCO2xRj0mq/furia-vs-virtus-pro-m1-mirage.csv,2,17488,107.5,0,0.9698244333267212,0.9698339,0.0006691217422485,0.00068843365,1,0.9872978925704956,0.0301755666732788,0.0127021074295043,xgboost,-0.0174734592437744,False,False,False,True,True,False,0,0,0.0,0,194.63718056678772
processed_full/blast_austin_major/blasttv-austin-major-2025-furia-vs-virtuspro-bo3-E_bOFuD3YUjLJCO2xRj0mq/furia-vs-virtus-pro-m1-mirage.csv,2,17520,108.0,0,0.9715073108673096,0.97153217,0.0016828775405883,0.0016982555,1,0.9874486327171326,0.0284926891326904,0.0125513672828674,xgboost,-0.0159413218498229,False,False,False,True,True,False,0,0,0.0,0,194.63718056678772
processed_full/blast_austin_major/blasttv-austin-major-2025-furia-vs-virtuspro-bo3-E_bOFuD3YUjLJCO2xRj0mq/furia-vs-virtus-pro-m1-mirage.csv,2,17552,108.5,0,0.9720661044120787,0.9720494,0.0005587935447692,0.0005172491,1,0.9873369336128236,0.0279338955879212,0.0126630663871765,xgboost,-0.0152708292007447,False,False,False,True,True,False,0,0,0.0,0,194.63718056678772
processed_full/blast_austin_major/blasttv-austin-major-2025-furia-vs-virtuspro-bo3-E_bOFuD3YUjLJCO2xRj0mq/furia-vs-virtus-pro-m1-mirage.csv,2,17584,109.0,0,0.973166525363922,0.9731658,0.0011004209518432,0.001116395,1,0.9874024391174316,0.0268334746360779,0.0125975608825683,xgboost,-0.0142359137535096,False,False,False,True,True,False,0,0,0.0,0,194.63718056678772
processed_full/blast_austin_major/blasttv-austin-major-2025-furia-vs-virtuspro-bo3-E_bOFuD3YUjLJCO2xRj0mq/furia-vs-virtus-pro-m1-mirage.csv,2,17616,109.5,0,0.9747554659843444,0.9747477,0.0015889406204223,0.0015819073,1,0.9875794053077698,0.0252445340156556,0.0124205946922302,xgboost,-0.0128239393234254,False,False,False,True,True,False,0,0,0.0,0,194.63718056678772
processed_full/blast_austin_major/blasttv-austin-major-2025-furia-vs-virtuspro-bo3-E_bOFuD3YUjLJCO2xRj0mq/furia-vs-virtus-pro-m1-mirage.csv,2,17648,110.0,0,0.9699890613555908,0.96999365,-0.0047664046287536,-0.0047540665,1,0.9875419735908508,0.0300109386444091,0.0124580264091491,xgboost,-0.01755291223526,False,False,False,True,True,False,0,0,0.0,0,194.63718056678772
processed_full/blast_austin_major/blasttv-austin-major-2025-furia-vs-virtuspro-bo3-E_bOFuD3YUjLJCO2xRj0mq/furia-vs-virtus-pro-m1-mirage.csv,2,17680,110.5,0,0.9666386246681212,0.9666332,-0.0033504366874694,-0.0033604503,1,0.9876471757888794,0.0333613753318787,0.0123528242111206,xgboost,-0.0210085511207581,False,False,False,True,True,False,0,0,0.0,0,194.63718056678772
processed_full/blast_austin_major/blasttv-austin-major-2025-furia-vs-virtuspro-bo3-E_bOFuD3YUjLJCO2xRj0mq/furia-vs-virtus-pro-m1-mirage.csv,2,17712,111.0,0,0.9645282030105592,0.96455014,-0.0021104216575622,-0.0020830631,1,0.9876471757888794,0.0354717969894408,0.0123528242111206,xgboost,-0.0231189727783202,False,False,False,True,True,False,0,0,0.0,0,194.63718056678772
processed_full/blast_austin_major/blasttv-austin-major-2025-furia-vs-virtuspro-bo3-E_bOFuD3YUjLJCO2xRj0mq/furia-vs-virtus-pro-m1-mirage.csv,2,17744,111.5,0,0.9609837532043456,0.9609677,-0.0035444498062133,-0.003582418,1,0.9876685738563538,0.0390162467956544,0.0123314261436462,xgboost,-0.0266848206520081,False,False,False,True,True,False,0,0,0.0,0,194.63718056678772
processed_full/blast_austin_major/blasttv-austin-major-2025-furia-vs-virtuspro-bo3-E_bOFuD3YUjLJCO2xRj0mq/furia-vs-virtus-pro-m1-mirage.csv,2,17776,112.0,0,0.9583857655525208,0.9583865,-0.0025979876518249,-0.0025812387,1,0.9876685738563538,0.0416142344474792,0.0123314261436462,xgboost,-0.029282808303833,False,False,False,True,True,False,0,0,0.0,0,194.63718056678772
processed_full/blast_austin_major/blasttv-austin-major-2025-furia-vs-virtuspro-bo3-E_bOFuD3YUjLJCO2xRj0mq/furia-vs-virtus-pro-m1-mirage.csv,2,17808,112.5,0,0.9664996266365052,0.96652156,0.0081138610839843,0.00813508,1,0.9875997304916382,0.0335003733634947,0.0124002695083618,xgboost,-0.0211001038551329,False,False,False,True,True,False,0,0,0.0,0,194.63718056678772
processed_full/blast_austin_major/blasttv-austin-major-2025-furia-vs-virtuspro-bo3-E_bOFuD3YUjLJCO2xRj0mq/furia-vs-virtus-pro-m1-mirage.csv,2,17840,113.0,0,0.9690167903900146,0.9689868,0.0025171637535095,0.002465248,1,0.9875136017799376,0.0309832096099853,0.0124863982200622,xgboost,-0.018496811389923,False,False,False,True,True,False,0,0,0.0,0,194.63718056678772
processed_full/blast_austin_major/blasttv-austin-major-2025-furia-vs-virtuspro-bo3-E_bOFuD3YUjLJCO2xRj0mq/furia-vs-virtus-pro-m1-mirage.csv,2,17872,113.5,0,0.971639096736908,0.9716409,0.0026223063468933,0.0026540756,1,0.9874486327171326,0.028360903263092,0.0125513672828674,xgboost,-0.0158095359802246,False,False,False,True,True,False,0,0,0.0,0,194.63718056678772
processed_full/blast_austin_major/blasttv-austin-major-2025-furia-vs-virtuspro-bo3-E_bOFuD3YUjLJCO2xRj0mq/furia-vs-virtus-pro-m1-mirage.csv,2,17904,114.0,0,0.9731753468513488,0.9731836,0.0015362501144409,0.0015426874,1,0.9872061014175416,0.0268246531486512,0.0127938985824584,xgboost,-0.0140307545661927,False,False,False,True,True,False,0,0,0.0,0,194.63718056678772
processed_full/blast_austin_major/blasttv-austin-major-2025-furia-vs-virtuspro-bo3-E_bOFuD3YUjLJCO2xRj0mq/furia-vs-virtus-pro-m1-mirage.csv,2,17936,114.5,0,0.9717997908592224,0.97179437,-0.0013755559921264,-0.0013892055,1,0.9873197078704834,0.0282002091407775,0.0126802921295166,xgboost,-0.0155199170112609,False,False,False,True,True,False,0,0,0.0,0,194.63718056678772
