feature,block,rows,non_null,zero,nonzero,nonzero_ratio,unique_count,unique_overflow,min,max,mean,std,constant,rare_nonzero,forbidden,leak_suspicious
CT1__has_bomb,objective,3734887,3734887,3734887,0,0.0,1.0,False,0.0,0.0,0.0,0.0,True,False,False,False
CT2__has_bomb,objective,3734887,3734887,3734887,0,0.0,1.0,False,0.0,0.0,0.0,0.0,True,False,False,False
CT3__has_bomb,objective,3734887,3734887,3734887,0,0.0,1.0,False,0.0,0.0,0.0,0.0,True,False,False,False
CT4__has_bomb,objective,3734887,3734887,3734887,0,0.0,1.0,False,0.0,0.0,0.0,0.0,True,False,False,False
CT5__has_bomb,objective,3734887,3734887,3734887,0,0.0,1.0,False,0.0,0.0,0.0,0.0,True,False,False,False
CT_bomb_carrier_alive,state,3734887,3734887,3734887,0,0.0,1.0,False,0.0,0.0,0.0,0.0,True,False,False,False
CT_bomb_zone_count,objective,3734887,3734887,3734887,0,0.0,1.0,False,0.0,0.0,0.0,0.0,True,False,False,False
T1__has_defuser,objective,3734887,3734887,3734887,0,0.0,1.0,False,0.0,0.0,0.0,0.0,True,False,False,False
T2__has_defuser,objective,3734887,3734887,3734887,0,0.0,1.0,False,0.0,0.0,0.0,0.0,True,False,False,False
T3__has_defuser,objective,3734887,3734887,3734887,0,0.0,1.0,False,0.0,0.0,0.0,0.0,True,False,False,False
T4__has_defuser,objective,3734887,3734887,3734887,0,0.0,1.0,False,0.0,0.0,0.0,0.0,True,False,False,False
T5__has_defuser,objective,3734887,3734887,3734887,0,0.0,1.0,False,0.0,0.0,0.0,0.0,True,False,False,False
T_defuser_count,objective,3734887,3734887,3734887,0,0.0,1.0,False,0.0,0.0,0.0,0.0,True,False,False,False
T_defusing_count,objective,3734887,3734887,3734887,0,0.0,1.0,False,0.0,0.0,0.0,0.0,True,False,False,False
T_place_UNKNOWN,position,3734887,3734887,3734887,0,0.0,1.0,False,0.0,0.0,0.0,0.0,True,False,False,False
CT_place_DECK,position,3734887,3734887,3734679,208,5.569110926247568e-05,2.0,False,0.0,1.0,5.569110926247568e-05,0.007462439799611437,False,True,False,False
CT_place_DUMPSTER,position,3734887,3734887,3733565,1322,0.00035395983867785025,4.0,False,0.0,3.0,0.0003609212273356597,0.019385167613135804,False,True,False,False
CT_place_KITCHEN,utility,3734887,3734887,3733543,1344,0.00035985024446522746,3.0,False,0.0,2.0,0.00038448285048516863,0.02082306978960436,False,True,False,False
CT_place_PIPE,position,3734887,3734887,3733455,1432,0.0003834118676147364,4.0,False,0.0,3.0,0.0004139348794220548,0.02183921991951988,False,True,False,False
CT_place_PLAYGROUND,position,3734887,3734887,3733501,1386,0.0003710955646047658,4.0,False,0.0,3.0,0.0004042960335881648,0.021863906246716597,False,True,False,False
CT_place_SIDE,position,3734887,3734887,3731364,3523,0.0009432681631331818,2.0,False,0.0,1.0,0.0009432681631331818,0.030698182491893575,False,True,False,False
CT_place_SILO,position,3734887,3734887,3734199,688,0.00018420905371434264,3.0,False,0.0,2.0,0.0001973285938771374,0.014950877420030081,False,True,False,False
CT_place_STREET,position,3734887,3734887,3731533,3354,0.0008980191368574204,5.0,False,0.0,4.0,0.0009670975320002988,0.03353606594679625,False,True,False,False
CT_place_UPSTAIRS,position,3734887,3734887,3732789,2098,0.0005617305155417018,3.0,False,0.0,2.0,0.0005745823099868885,0.0244939942444329,False,True,False,False
T_place_BACKOFA,position,3734887,3734887,3733047,1840,0.0004926521203988233,3.0,False,0.0,2.0,0.0005038974405383617,0.02293761470133408,False,True,False,False
T_place_BRICKS,position,3734887,3734887,3733793,1094,0.00029291381506321343,3.0,False,0.0,2.0,0.0003028204066147115,0.01795945125885102,False,True,False,False
T_place_CRANE,position,3734887,3734887,3733972,915,0.0002449873316113714,3.0,False,0.0,2.0,0.0002452550773289794,0.015675790848031876,False,True,False,False
T_place_CTSIDEUPPER,position,3734887,3734887,3733283,1604,0.00042946413104332203,6.0,False,0.0,5.0,0.0005151427606779,0.027139838665575955,False,True,False,False
T_place_ENTRANCE,position,3734887,3734887,3731771,3116,0.000834295656066703,5.0,False,0.0,4.0,0.0009456778745916543,0.03483676604433383,False,True,False,False
T_place_HUTROOF,position,3734887,3734887,3731514,3373,0.0009031063054919734,4.0,False,0.0,3.0,0.00099173013802024,0.034417938766024544,False,True,False,False
T_place_KITCHEN,utility,3734887,3734887,3732015,2872,0.0007689657009703373,4.0,False,0.0,3.0,0.0008359021303723513,0.03131008746305824,False,True,False,False
T_place_LOCKERROOM,position,3734887,3734887,3732436,2451,0.0006562447538573456,3.0,False,0.0,2.0,0.0006814128513125029,0.02704227658221259,False,True,False,False
T_place_SCAFFOLDING,position,3734887,3734887,3731784,3103,0.0008308149617377983,3.0,False,0.0,2.0,0.0008415247904421205,0.029363860166501207,False,True,False,False
T_place_STORAGEROOM,position,3734887,3734887,3733803,1084,0.0002902363578871329,3.0,False,0.0,2.0,0.00032557879261139625,0.01990370971727946,False,True,False,False
CT1__X,position,3734887,3734887,0,3734887,1.0,,True,-3959.97119140625,3497.9716796875,166.65663960674897,1246.8806393547661,False,False,False,False
CT1__Y,position,3734887,3734887,0,3734887,1.0,,True,-3183.48388671875,3593.968994140625,379.5095450741007,1374.926657827099,False,False,False,False
CT1__alive,state,3734887,3734887,795124,2939763,0.7871089540326119,2.0,False,0.0,1.0,0.7871089540326119,0.40935125322185045,False,False,False,False
CT1__armor,state,3734887,3734887,1060363,2674524,0.7160923476399688,89.0,False,0.0,100.0,69.29512137850489,44.2205383463085,False,False,False,False
CT1__duck_amount,player_slot_numeric,3734887,3734887,3282995,451892,0.12099214782133971,,True,0.0,1.0,0.0865949647215636,0.2620921610845082,False,False,False,False
CT1__has_defuser,objective,3734887,3734887,2586257,1148630,0.3075407636161415,2.0,False,0.0,1.0,0.3075407636161415,0.46147528897064694,False,False,False,False
CT1__has_helmet,utility,3734887,3734887,1983570,1751317,0.4689076269241881,2.0,False,0.0,1.0,0.4689076269241881,0.49903232794731295,False,False,False,False
CT1__hp,state,3734887,3734887,795124,2939763,0.7871089540326119,101.0,False,0.0,100.0,74.19337934454242,41.50938117549809,False,False,False,False
CT1__is_scoped,player_slot_numeric,3734887,3734887,3518745,216142,0.05787109489524047,2.0,False,0.0,1.0,0.05787109489524047,0.2334995316287948,False,False,False,False
CT1__is_walking,player_slot_numeric,3734887,3734887,2830520,904367,0.2421403913960449,2.0,False,0.0,1.0,0.2421403913960449,0.42837883030165613,False,False,False,False
CT1__shots_fired,combat,3734887,3734887,3287118,447769,0.1198882322276417,32.0,False,0.0,32.0,0.49679789509026645,1.8924800216451552,False,False,False,False
CT2__X,position,3734887,3734887,0,3734887,1.0,,True,-3959.9619140625,3497.96875,125.34808330445948,1248.1033076522826,False,False,False,False
CT2__Y,position,3734887,3734887,0,3734887,1.0,,True,-3338.18408203125,3593.97119140625,416.07011974456736,1368.325828638898,False,False,False,False
CT2__alive,state,3734887,3734887,814897,2919990,0.7818148179583478,2.0,False,0.0,1.0,0.7818148179583478,0.4130138113660405,False,False,False,False
CT2__armor,state,3734887,3734887,1051692,2683195,0.7184139707573483,90.0,False,0.0,100.0,69.58439144209717,44.117353428697854,False,False,False,False
CT2__duck_amount,player_slot_numeric,3734887,3734887,3266646,468241,0.12536952255851383,,True,0.0,1.0,0.08833648926775374,0.2624813490233731,False,False,False,False
CT2__has_defuser,objective,3734887,3734887,2598937,1135950,0.3041457479168714,2.0,False,0.0,1.0,0.3041457479168714,0.4600446847219934,False,False,False,False
CT2__has_helmet,utility,3734887,3734887,2059083,1675804,0.4486893445504509,2.0,False,0.0,1.0,0.4486893445504509,0.49736024834855636,False,False,False,False
CT2__hp,state,3734887,3734887,814897,2919990,0.7818148179583478,101.0,False,0.0,100.0,73.68744141389017,41.77888882896038,False,False,False,False
CT2__is_scoped,player_slot_numeric,3734887,3734887,3632368,102519,0.02744902322346031,2.0,False,0.0,1.0,0.02744902322346031,0.16338780354585297,False,False,False,False
CT2__is_walking,player_slot_numeric,3734887,3734887,2858855,876032,0.23455381648762064,2.0,False,0.0,1.0,0.23455381648762064,0.4237196285973925,False,False,False,False
CT2__shots_fired,combat,3734887,3734887,3241496,493391,0.13210332735635644,33.0,False,0.0,32.0,0.5691711690340296,2.011724332164797,False,False,False,False
CT3__X,position,3734887,3734887,18,3734869,0.999995180577083,,True,-3959.9716796875,3497.971923828125,108.77903997674441,1242.845969157438,False,False,False,False
CT3__Y,position,3734887,3734887,17,3734870,0.9999954483228006,,True,-2889.58203125,3593.97265625,419.51726321617707,1383.7556114760494,False,False,False,False
CT3__alive,state,3734887,3734887,812445,2922442,0.7824713304579228,2.0,False,0.0,1.0,0.7824713304579228,0.41256508270736014,False,False,False,False
CT3__armor,state,3734887,3734887,1016574,2718313,0.727816664868308,89.0,False,0.0,100.0,70.40540182340189,43.63567275864253,False,False,False,False
CT3__duck_amount,player_slot_numeric,3734887,3734887,3254281,480606,0.12868019835673744,,True,0.0,1.0,0.09227011574237323,0.2687562794262428,False,False,False,False
CT3__has_defuser,objective,3734887,3734887,2747908,986979,0.26425940061908165,2.0,False,0.0,1.0,0.26425940061908165,0.4409380566514137,False,False,False,False
CT3__has_helmet,utility,3734887,3734887,2110025,1624862,0.43504984220406134,2.0,False,0.0,1.0,0.43504984220406134,0.495763529318447,False,False,False,False
CT3__hp,state,3734887,3734887,812445,2922442,0.7824713304579228,101.0,False,0.0,100.0,73.2936830485099,41.844391362987125,False,False,False,False
CT3__is_scoped,player_slot_numeric,3734887,3734887,3544639,190248,0.05093808728349747,2.0,False,0.0,1.0,0.05093808728349747,0.2198713227035219,False,False,False,False
CT3__is_walking,player_slot_numeric,3734887,3734887,2886947,847940,0.22703230378857514,2.0,False,0.0,1.0,0.22703230378857514,0.4189136388625074,False,False,False,False
CT3__shots_fired,combat,3734887,3734887,3254924,479963,0.12850803786031545,31.0,False,0.0,30.0,0.5398318610442565,1.9444923298811039,False,False,False,False
CT4__X,position,3734887,3734887,105,3734782,0.9999718866996512,,True,-3959.972412109375,3497.965087890625,108.06284019975683,1285.87029489719,False,False,False,False
CT4__Y,position,3734887,3734887,105,3734782,0.9999718866996512,,True,-2925.32373046875,3593.97216796875,429.14935714065956,1374.4588461113453,False,False,False,False
CT4__alive,state,3734887,3734887,786360,2948527,0.789455477501729,2.0,False,0.0,1.0,0.789455477501729,0.4076953845020153,False,False,False,False
CT4__armor,state,3734887,3734887,1049249,2685638,0.7190680735454646,88.0,False,0.0,100.0,69.8019375151109,44.14956892032167,False,False,False,False
CT4__duck_amount,player_slot_numeric,3734887,3734887,3268116,466771,0.12497593635362998,,True,0.0,1.0,0.09294854356079,0.2722872913438603,False,False,False,False
CT4__has_defuser,objective,3734887,3734887,2655545,1079342,0.28898919833451453,2.0,False,0.0,1.0,0.28898919833451453,0.4532928871937979,False,False,False,False
CT4__has_helmet,utility,3734887,3734887,2041470,1693417,0.4534051498746816,2.0,False,0.0,1.0,0.4534051498746816,0.49782418577425414,False,False,False,False
CT4__hp,state,3734887,3734887,786360,2948527,0.789455477501729,101.0,False,0.0,100.0,74.44857019770612,41.381062264197894,False,False,False,False
CT4__is_scoped,player_slot_numeric,3734887,3734887,3379558,355329,0.09513781809195299,2.0,False,0.0,1.0,0.09513781809195299,0.2934052038745316,False,False,False,False
CT4__is_walking,player_slot_numeric,3734887,3734887,2884440,850447,0.22770354230261852,2.0,False,0.0,1.0,0.22770354230261852,0.41935025828710076,False,False,False,False
CT4__shots_fired,combat,3734887,3734887,3316113,418774,0.11212494514559611,31.0,False,0.0,30.0,0.47018638047148414,1.8561708159072812,False,False,False,False
CT5__X,position,3734887,3734887,0,3734887,1.0,,True,-3959.970458984375,3497.97119140625,136.70030847183796,1235.4841838601208,False,False,False,False
CT5__Y,position,3734887,3734887,0,3734887,1.0,,True,-3089.354736328125,3593.971435546875,392.0703349055922,1414.295964910522,False,False,False,False
CT5__alive,state,3734887,3734887,805313,2929574,0.7843808929159035,2.0,False,0.0,1.0,0.7843808929159035,0.4112511492316506,False,False,False,False
CT5__armor,state,3734887,3734887,1035054,2699833,0.722868724006911,84.0,False,0.0,100.0,70.06901975883072,43.91122947732037,False,False,False,False
CT5__duck_amount,player_slot_numeric,3734887,3734887,3275669,459218,0.12295365294853633,,True,0.0,1.0,0.08877674766034149,0.26490347419891563,False,False,False,False
CT5__has_defuser,objective,3734887,3734887,2565997,1168890,0.31296529185488076,2.0,False,0.0,1.0,0.31296529185488076,0.46370035362189455,False,False,False,False
CT5__has_helmet,utility,3734887,3734887,2053517,1681370,0.4501796172146574,2.0,False,0.0,1.0,0.4501796172146574,0.49751173801139803,False,False,False,False
CT5__hp,state,3734887,3734887,805313,2929574,0.7843808929159035,101.0,False,0.0,100.0,73.6765942316327,41.66643225538904,False,False,False,False
CT5__is_scoped,player_slot_numeric,3734887,3734887,3415517,319370,0.08550994983248489,2.0,False,0.0,1.0,0.08550994983248489,0.2796390500486847,False,False,False,False
CT5__is_walking,player_slot_numeric,3734887,3734887,2896451,838436,0.22448764848842817,2.0,False,0.0,1.0,0.22448764848842817,0.41724446570873064,False,False,False,False
CT5__shots_fired,combat,3734887,3734887,3293614,441273,0.11814895604605977,31.0,False,0.0,30.0,0.49458711869997674,1.8910482006970415,False,False,False,False
CT_alive,state,3734887,3734887,0,3734887,1.0,5.0,False,1.0,5.0,3.925231472866515,1.3401402236896214,False,False,False,False
CT_armor_sum,state,3734887,3734887,136383,3598504,0.9634840357954605,475.0,False,0.0,500.0,349.1558719179456,150.25921370170204,False,False,False,False
CT_burning_players,other,3734887,3734887,3263519,471368,0.12620676341747422,6.0,False,0.0,5.0,0.14084468954482424,0.38948231939855976,False,False,False,False
CT_cash_spent_round_sum,economy,3734887,3734887,42495,3692392,0.9886221457302456,698.0,False,0.0,40000.0,11449.056276669147,7629.274337635416,False,False,False,False
CT_closest_enemy_dist,position,3734887,3734887,51018,3683869,0.9863401489790722,,True,0.0,4937.985235421448,1359.1645076973202,699.8478681982941,False,False,False,False
CT_damage_last_5s,combat,3734887,3734887,2869685,865202,0.2316541303659254,489.0,False,0.0,506.0,18.65903145128621,45.874391197948476,False,False,False,False
CT_defuser_count,objective,3734887,3734887,1367651,2367236,0.6338173015676244,6.0,False,0.0,5.0,1.47790040234149,1.500012129747571,False,False,False,False
CT_defusing_count,objective,3734887,3734887,3694710,40177,0.010757219696338872,2.0,False,0.0,1.0,0.010757219696338872,0.10315765565746234,False,False,False,False
CT_duck_amount_mean,other,3734887,3734887,2505204,1229683,0.32924235726542733,,True,0.0,1.0,0.09190601180581501,0.16698575895026216,False,False,False,False
CT_equip_value_sum,economy,3734887,3734887,189,3734698,0.999949396059372,684.0,False,0.0,36150.0,17728.090689222994,9575.699498907314,False,False,False,False
CT_flashed_players,utility,3734887,3734887,3398613,336274,0.09003592344293147,6.0,False,0.0,5.0,0.12864539141344838,0.45663355170289593,False,False,False,False
CT_helmet_count,utility,3734887,3734887,908258,2826629,0.7568178100167421,6.0,False,0.0,5.0,2.256231580768039,1.8133551096572553,False,False,False,False
CT_hp_sum,state,3734887,3734887,0,3734887,1.0,500.0,False,1.0,500.0,369.2996682362813,143.44805575321035,False,False,False,False
CT_kills_last_3s,combat,3734887,3734887,3413012,321875,0.08618065285509308,6.0,False,0.0,5.0,0.09963460741918029,0.34636344774850797,False,False,False,False
CT_macro_A,position,3734887,3734887,2227680,1507207,0.4035482197988855,6.0,False,0.0,5.0,0.5475972900920429,0.7689505306874936,False,False,False,False
CT_macro_B,position,3734887,3734887,2167870,1567017,0.4195620911690233,6.0,False,0.0,5.0,0.6018455176823289,0.8161490644676086,False,False,False,False
CT_macro_MID,position,3734887,3734887,3039038,695849,0.18631058985184826,6.0,False,0.0,5.0,0.2469054619323155,0.5774908465147861,False,False,False,False
CT_macro_OTHER,utility,3734887,3734887,234622,3500265,0.9371809642433626,6.0,False,0.0,5.0,2.528883203159828,1.3682542947648075,False,False,False,False
CT_mean_X,position,3734887,3734887,0,3734887,1.0,,True,-3950.36474609375,3497.9716796875,129.3404698390041,1069.7796344645224,False,False,False,False
CT_mean_Y,position,3734887,3734887,0,3734887,1.0,,True,-3338.18408203125,3593.96923828125,426.83637391177103,1218.706622352681,False,False,False,False
CT_money_sum,economy,3734887,3734887,21574,3713313,0.9942236538883238,1093.0,False,0.0,70950.0,7044.449176106265,8554.973438970304,False,False,False,False
CT_place_ADMIN,position,3734887,3734887,3668761,66126,0.017704953322550322,6.0,False,0.0,5.0,0.01876843931288952,0.1439458392743008,False,False,False,False
CT_place_ALLEY,position,3734887,3734887,3473752,261135,0.06991777796757974,6.0,False,0.0,5.0,0.09725193827818619,0.3950809663252323,False,False,False,False
CT_place_APARTMENTS,position,3734887,3734887,3558250,176637,0.04729380032113421,5.0,False,0.0,4.0,0.05482200666311993,0.26031421242276537,False,False,False,False
CT_place_ARAMP,position,3734887,3734887,3646487,88400,0.023668721436552163,5.0,False,0.0,4.0,0.024540233747366386,0.16053181107276074,False,False,False,False
CT_place_ARCH,position,3734887,3734887,3558200,176687,0.04730718760701462,6.0,False,0.0,5.0,0.05209019710636493,0.24507113784439494,False,False,False,False
CT_place_BACKALLEY,position,3734887,3734887,3721488,13399,0.0035875248702303443,6.0,False,0.0,5.0,0.0038641061965194665,0.06670427856366297,False,False,False,False
CT_place_BACKOFA,position,3734887,3734887,3713596,21291,0.005700574073593124,6.0,False,0.0,5.0,0.007119894122633429,0.10355899655317785,False,False,False,False
CT_place_BACKOFB,position,3734887,3734887,3655158,79729,0.021347098319172707,6.0,False,0.0,5.0,0.024254281320960983,0.1751490808421478,False,False,False,False
CT_place_BALCONY,position,3734887,3734887,3646334,88553,0.023709686531346197,3.0,False,0.0,2.0,0.024092830653243323,0.1558160916213461,False,False,False,False
CT_place_BANANA,position,3734887,3734887,3535569,199318,0.053366540942202535,6.0,False,0.0,5.0,0.07432567571656117,0.3377990956124699,False,False,False,False
CT_place_BDOORS,position,3734887,3734887,3617546,117341,0.031417550249846916,6.0,False,0.0,5.0,0.035577783210040896,0.20787980703024736,False,False,False,False
CT_place_BOMBSITEA,position,3734887,3734887,2227680,1507207,0.4035482197988855,6.0,False,0.0,5.0,0.5475972900920429,0.7689505306874936,False,False,False,False
CT_place_BOMBSITEB,position,3734887,3734887,2167870,1567017,0.4195620911690233,6.0,False,0.0,5.0,0.6018455176823289,0.8161490644676086,False,False,False,False
CT_place_BRICKS,position,3734887,3734887,3725120,9767,0.0026150724238778846,4.0,False,0.0,3.0,0.0026490761300141073,0.05207886235013979,False,False,False,False
CT_place_BRIDGE,position,3734887,3734887,3714970,19917,0.005332691457599654,6.0,False,0.0,5.0,0.00603445298345037,0.08724069327734521,False,False,False,False
CT_place_CANAL,position,3734887,3734887,3672819,62068,0.01661844120049683,6.0,False,0.0,5.0,0.0199443785046241,0.16453528925364436,False,False,False,False
CT_place_CATWALK,position,3734887,3734887,3543495,191392,0.051244388384441085,6.0,False,0.0,5.0,0.05597010030022327,0.2510417490756895,False,False,False,False
CT_place_CONNECTOR,position,3734887,3734887,3526570,208317,0.05577598465495743,6.0,False,0.0,5.0,0.06381504982613932,0.27965030298989013,False,False,False,False
CT_place_CONSTRUCTION,position,3734887,3734887,3718334,16553,0.004431994863566153,4.0,False,0.0,3.0,0.005046203539759034,0.07949406330030834,False,False,False,False
CT_place_CONTROL,position,3734887,3734887,3709395,25492,0.006825373833264568,6.0,False,0.0,5.0,0.007632627171852857,0.09634340849903814,False,False,False,False
CT_place_CRANE,position,3734887,3734887,3721587,13300,0.0035610180441871466,3.0,False,0.0,2.0,0.0036169768991672303,0.06095746129259558,False,False,False,False
CT_place_CTSIDEUPPER,position,3734887,3734887,3715877,19010,0.005089846091729147,6.0,False,0.0,5.0,0.010966061356073156,0.19366271700211724,False,False,False,False
CT_place_CTSPAWN,position,3734887,3734887,2847141,887746,0.23769018982368142,6.0,False,0.0,5.0,0.40489283879271315,0.9608068651849053,False,False,False,False
CT_place_DECON,position,3734887,3734887,3721003,13884,0.0037173815432702513,4.0,False,0.0,3.0,0.0037993117328583167,0.06289008856420546,False,False,False,False
CT_place_ELECTRICALBOX,position,3734887,3734887,3709202,25685,0.0068770487567629225,4.0,False,0.0,3.0,0.0070658094876766015,0.08602227143600902,False,False,False,False
CT_place_ENTRANCE,position,3734887,3734887,3717307,17580,0.0047069697155496274,6.0,False,0.0,5.0,0.006784944229905751,0.11270615278548311,False,False,False,False
CT_place_EXTENDEDA,position,3734887,3734887,3651575,83312,0.022306431225362373,6.0,False,0.0,5.0,0.02547359531894807,0.1781317610659501,False,False,False,False
CT_place_FOUNTAIN,position,3734887,3734887,3705452,29435,0.007881095197793132,5.0,False,0.0,4.0,0.008270397471195247,0.09507350372268014,False,False,False,False
CT_place_GARAGE,position,3734887,3734887,3664933,69954,0.01872988392955396,4.0,False,0.0,3.0,0.019055730467882965,0.13912999128628434,False,False,False,False
CT_place_GRAVEYARD,position,3734887,3734887,3730879,4008,0.001073124836173089,3.0,False,0.0,2.0,0.0010760700390667777,0.03287556110738154,False,False,False,False
CT_place_HEAVEN,utility,3734887,3734887,3631963,102924,0.027557460239091572,5.0,False,0.0,4.0,0.030001443149417908,0.18520378749605362,False,False,False,False
CT_place_HELL,utility,3734887,3734887,3679528,55359,0.01482213518106438,6.0,False,0.0,5.0,0.0197714147710493,0.18440239025922966,False,False,False,False
CT_place_HOLE,position,3734887,3734887,3705437,29450,0.007885111383557254,4.0,False,0.0,3.0,0.007952047812959268,0.08957243492715224,False,False,False,False
CT_place_HOUSE,position,3734887,3734887,3584480,150407,0.0402708301482749,6.0,False,0.0,5.0,0.05151695352496608,0.2830559363110187,False,False,False,False
CT_place_HUT,position,3734887,3734887,3702257,32630,0.008736542765550873,4.0,False,0.0,3.0,0.009347003001697241,0.10253661530331318,False,False,False,False
CT_place_HUTROOF,position,3734887,3734887,3663683,71204,0.01906456607656403,4.0,False,0.0,3.0,0.01964423555518547,0.1429073054283709,False,False,False,False
CT_place_IVY,position,3734887,3734887,3717649,17238,0.004615400680127672,6.0,False,0.0,5.0,0.005537249185852209,0.08761811938313269,False,False,False,False
CT_place_JUNGLE,position,3734887,3734887,3651243,83644,0.022395322803608248,5.0,False,0.0,4.0,0.023192134059209824,0.15587026729279335,False,False,False,False
CT_place_LADDER,position,3734887,3734887,3703587,31300,0.008380440961132158,4.0,False,0.0,3.0,0.008665590150384737,0.09616972845761235,False,False,False,False
CT_place_LIBRARY,position,3734887,3734887,3663259,71628,0.019178090260829846,5.0,False,0.0,4.0,0.020959402520076244,0.15596401063478763,False,False,False,False
CT_place_LOBBY,position,3734887,3734887,3693741,41146,0.011016665296701079,6.0,False,0.0,5.0,0.012211614434385832,0.12215789234749012,False,False,False,False
CT_place_LOCKERROOM,position,3734887,3734887,3711063,23824,0.00637877397629433,3.0,False,0.0,2.0,0.0064173293596298895,0.08033217294578208,False,False,False,False
CT_place_LONGA,position,3734887,3734887,3482150,252737,0.06766924943110729,6.0,False,0.0,5.0,0.09100810814356633,0.3743627251433954,False,False,False,False
CT_place_LONGDOG,position,3734887,3734887,3682753,52134,0.0139586552417784,6.0,False,0.0,5.0,0.017111896558048477,0.1533036616188022,False,False,False,False
CT_place_LONGDOORS,position,3734887,3734887,3587952,146935,0.03934121701673973,6.0,False,0.0,5.0,0.04396679203413651,0.228354841190163,False,False,False,False
CT_place_LOWERMID,position,3734887,3734887,3730715,4172,0.0011170351338608102,4.0,False,0.0,3.0,0.0011863812747212967,0.036455739880921656,False,False,False,False
CT_place_LOWERPARK,position,3734887,3734887,3649461,85426,0.022872445672385805,6.0,False,0.0,5.0,0.031426118112810375,0.22382824946179072,False,False,False,False
CT_place_LOWERTUNNEL,position,3734887,3734887,3689643,45244,0.012113887247458892,6.0,False,0.0,5.0,0.014188113321768503,0.13604791778096872,False,False,False,False
CT_place_MAIN,position,3734887,3734887,3685488,49399,0.013226370704120366,6.0,False,0.0,5.0,0.016005838998609596,0.14850947365818085,False,False,False,False
CT_place_MAINHALL,position,3734887,3734887,3700565,34322,0.009189568519743703,6.0,False,0.0,5.0,0.010767394033607979,0.12081787183196581,False,False,False,False
CT_place_MIDDLE,position,3734887,3734887,3441381,293506,0.07858497459227012,6.0,False,0.0,5.0,0.10105285648535016,0.3812569766491857,False,False,False,False
CT_place_MIDDOORS,position,3734887,3734887,3495505,239382,0.0640935053724517,6.0,False,0.0,5.0,0.08271414904922157,0.3464614960445503,False,False,False,False
CT_place_MINI,position,3734887,3734887,3639807,95080,0.02545726283017398,4.0,False,0.0,3.0,0.02606317138912101,0.1631048634598288,False,False,False,False
CT_place_OBSERVATION,position,3734887,3734887,3723653,11234,0.0030078553916089027,5.0,False,0.0,4.0,0.003103976104230195,0.0574220575260193,False,False,False,False
CT_place_OUTSIDE,position,3734887,3734887,3486576,248311,0.06648420688497403,6.0,False,0.0,5.0,0.10202611216885545,0.4651900883096489,False,False,False,False
CT_place_OUTSIDELONG,position,3734887,3734887,3709717,25170,0.006739159712194773,6.0,False,0.0,5.0,0.0076545823206967175,0.09859150173161332,False,False,False,False
CT_place_OUTSIDETUNNEL,position,3734887,3734887,3728208,6679,0.001788273647904207,5.0,False,0.0,4.0,0.0019039397979108872,0.04648186365316959,False,False,False,False
CT_place_PALACEALLEY,position,3734887,3734887,3722990,11897,0.003185370802383044,5.0,False,0.0,4.0,0.0035366531838848135,0.0655014008394934,False,False,False,False
CT_place_PALACEINTERIOR,position,3734887,3734887,3585368,149519,0.040033071951038945,6.0,False,0.0,5.0,0.04638774881274855,0.24538633724852627,False,False,False,False
CT_place_PIT,position,3734887,3734887,3563886,171001,0.04578478545669521,5.0,False,0.0,4.0,0.049274315394281,0.23226487824824393,False,False,False,False
CT_place_QUAD,position,3734887,3734887,3691198,43689,0.011697542656578365,4.0,False,0.0,3.0,0.0132175350954393,0.12688347793804244,False,False,False,False
CT_place_RAFTERS,position,3734887,3734887,3632854,102033,0.02731889880470279,5.0,False,0.0,4.0,0.030122464213776748,0.1871487321467236,False,False,False,False
CT_place_RAMP,position,3734887,3734887,3449471,285416,0.07641891173682096,6.0,False,0.0,5.0,0.08960431734614728,0.3347198073654769,False,False,False,False
CT_place_RESTROOM,position,3734887,3734887,3723309,11578,0.0030999599184660743,4.0,False,0.0,3.0,0.0036986393430376878,0.07013748760984358,False,False,False,False
CT_place_ROOF,position,3734887,3734887,3731019,3868,0.0010356404357079612,3.0,False,0.0,2.0,0.0010739280733259133,0.03390206523289016,False,False,False,False
CT_place_RUINS,position,3734887,3734887,3555869,179018,0.047931302874758996,6.0,False,0.0,5.0,0.0590020528064169,0.28621202871051515,False,False,False,False
CT_place_SCAFFOLDING,position,3734887,3734887,3726445,8442,0.00226030934804721,3.0,False,0.0,2.0,0.002273964379645221,0.04791767449325298,False,False,False,False
CT_place_SECONDMID,position,3734887,3734887,3727691,7196,0.001926698183907572,4.0,False,0.0,3.0,0.00207020988854549,0.048771417015800025,False,False,False,False
CT_place_SECRET,position,3734887,3734887,3705584,29303,0.00784575276306887,5.0,False,0.0,4.0,0.008381511944002589,0.09714904107210648,False,False,False,False
CT_place_SHOP,position,3734887,3734887,3642038,92849,0.024859922134190405,6.0,False,0.0,5.0,0.02972673604315204,0.19936985801657414,False,False,False,False
CT_place_SHORTSTAIRS,position,3734887,3734887,3660957,73930,0.01979444090276359,6.0,False,0.0,5.0,0.023882918010638608,0.17938857936087946,False,False,False,False
CT_place_SIDEALLEY,position,3734887,3734887,3726507,8380,0.0022437091135555105,5.0,False,0.0,4.0,0.002475576905004087,0.054807562218522156,False,False,False,False
CT_place_SIDEENTRANCE,position,3734887,3734887,3581795,153092,0.04098972740005253,6.0,False,0.0,5.0,0.04830454040510462,0.24843082120647036,False,False,False,False
CT_place_SIDEHALL,position,3734887,3734887,3599899,134988,0.036142458928476284,6.0,False,0.0,5.0,0.04243341230939517,0.23377763708946556,False,False,False,False
CT_place_SNIPERSNEST,position,3734887,3734887,3624853,110034,0.02946113229128485,5.0,False,0.0,4.0,0.031496802982258904,0.1867181155293048,False,False,False,False
CT_place_SQUEAKY,position,3734887,3734887,3716668,18219,0.004878059229101175,5.0,False,0.0,4.0,0.005133756389416868,0.07519400035978031,False,False,False,False
CT_place_STAIRS,position,3734887,3734887,3680292,54595,0.014617577452811826,5.0,False,0.0,4.0,0.015253473532130959,0.12848501968854542,False,False,False,False
CT_place_STORAGEROOM,position,3734887,3734887,3728579,6308,0.001688939986671618,5.0,False,0.0,4.0,0.001849587417236452,0.04674540107983085,False,False,False,False
CT_place_TMAIN,position,3734887,3734887,3711641,23246,0.006224016951516873,5.0,False,0.0,4.0,0.0068532193878958056,0.09024361682183966,False,False,False,False
CT_place_TOPOFMID,position,3734887,3734887,3543666,191221,0.05119860386673011,6.0,False,0.0,5.0,0.05988186523447697,0.27557115191643256,False,False,False,False
CT_place_TRAMP,position,3734887,3734887,3717345,17542,0.004696795378280521,4.0,False,0.0,3.0,0.00496828953593509,0.07422681511452339,False,False,False,False
CT_place_TROPHY,position,3734887,3734887,3720772,14115,0.0037792308040377125,6.0,False,0.0,5.0,0.004033321490047758,0.06770627177521696,False,False,False,False
CT_place_TRUCK,position,3734887,3734887,3647268,87619,0.023459612031100273,4.0,False,0.0,3.0,0.023837936730080455,0.15503540804063887,False,False,False,False
CT_place_TSIDELOWER,position,3734887,3734887,3718721,16166,0.004328377270851835,5.0,False,0.0,4.0,0.004682872600964902,0.07361521023154148,False,False,False,False
CT_place_TSIDEUPPER,position,3734887,3734887,3685857,49030,0.013127572534322993,6.0,False,0.0,5.0,0.014615703232788569,0.13303194632914148,False,False,False,False
CT_place_TSPAWN,position,3734887,3734887,3692805,42082,0.01126727528838222,6.0,False,0.0,5.0,0.013241632210024026,0.13358123360501142,False,False,False,False
CT_place_TSTAIRS,position,3734887,3734887,3730926,3961,0.0010605407874455105,6.0,False,0.0,5.0,0.001149164619973777,0.037893778286101874,False,False,False,False
CT_place_TUNNEL,position,3734887,3734887,3724941,9946,0.0026629989073297263,6.0,False,0.0,5.0,0.0030239201346653863,0.06226059557173603,False,False,False,False
CT_place_TUNNELS,position,3734887,3734887,3464496,270391,0.07239603232975991,6.0,False,0.0,5.0,0.08534046679323899,0.32675021477287824,False,False,False,False
CT_place_TUNNELSTAIRS,position,3734887,3734887,3719957,14930,0.003997443563888278,5.0,False,0.0,4.0,0.00432918050800466,0.0709989367650569,False,False,False,False
CT_place_UNDERA,position,3734887,3734887,3524369,210518,0.056365292979412764,6.0,False,0.0,5.0,0.0723625641150589,0.32733681245658935,False,False,False,False
CT_place_UNDERPASS,position,3734887,3734887,3635412,99475,0.026634005259061386,5.0,False,0.0,4.0,0.027849035325566745,0.17245195972485527,False,False,False,False
CT_place_UNKNOWN,position,3734887,3734887,3729329,5558,0.001488130698465576,6.0,False,0.0,5.0,0.004875917263360311,0.1423690314431936,False,False,False,False
CT_place_UPPERPARK,position,3734887,3734887,3691242,43645,0.01168576184500361,5.0,False,0.0,4.0,0.014131083483917988,0.14049484182135394,False,False,False,False
CT_place_UPPERTUNNEL,position,3734887,3734887,3698799,36088,0.00966240745703953,6.0,False,0.0,5.0,0.01189246153899703,0.13038578694383854,False,False,False,False
CT_place_VENDING,position,3734887,3734887,3724146,10741,0.002875856752828131,5.0,False,0.0,4.0,0.0030450720463564224,0.058345674132857586,False,False,False,False
CT_place_VENTS,position,3734887,3734887,3685918,48969,0.013111240045548901,4.0,False,0.0,3.0,0.013528120127864645,0.11917620304778517,False,False,False,False
CT_place_WALKWAY,position,3734887,3734887,3625690,109197,0.029237029125646907,6.0,False,0.0,5.0,0.03346928568387745,0.20371969028643805,False,False,False,False
CT_place_WATER,position,3734887,3734887,3667761,67126,0.01797269904015838,5.0,False,0.0,4.0,0.020978947957461632,0.16455796574395706,False,False,False,False
CT_round_start_equip_sum,economy,3734887,3734887,189,3734698,0.999949396059372,568.0,False,0.0,30450.0,6607.675653908673,6815.813661682396,False,False,False,False
CT_scoped_count,other,3734887,3734887,2736410,998477,0.26733794088013907,4.0,False,0.0,3.0,0.2763130450800787,0.46686860814125036,False,False,False,False
CT_shots_fired_sum,combat,3734887,3734887,3540572,194315,0.05202700911700943,52.0,False,0.0,53.0,0.2378122818709107,1.4393852596424104,False,False,False,False
CT_spread_xy,position,3734887,3734887,296467,3438420,0.9206222303378924,,True,0.0,3076.77099609375,780.7828326502288,430.0352874428251,False,False,False,False
CT_start_balance_sum,economy,3734887,3734887,40531,3694356,0.9891479983196279,983.0,False,0.0,70950.0,6958.746141449527,8579.271457788787,False,False,False,False
CT_unique_places,position,3734887,3734887,0,3734887,1.0,5.0,False,1.0,5.0,3.053110040544734,1.2511308913232286,False,False,False,False
CT_velocity_mean,other,3734887,3734887,85857,3649030,0.9770121559233251,,True,0.0,1213.8284631544389,115.22271350948051,67.99253881436091,False,False,False,False
CT_walking_count,other,3734887,3734887,1314077,2420810,0.6481615106427584,6.0,False,0.0,5.0,1.153879622060855,1.1142711994715915,False,False,False,False
T1__X,position,3734887,3734887,0,3734887,1.0,,True,-3959.96875,3483.302734375,-76.61230017902317,1039.968898167396,False,False,False,False
T1__Y,position,3734887,3734887,0,3734887,1.0,,True,-3412.863525390625,3593.97265625,-32.32773309489381,1221.0511165818182,False,False,False,False
T1__alive,state,3734887,3734887,814770,2920117,0.7818488216644841,2.0,False,0.0,1.0,0.7818488216644841,0.41299060731007164,False,False,False,False
T1__armor,state,3734887,3734887,1107850,2627037,0.703377906747915,99.0,False,0.0,100.0,65.6832450352581,44.027273329705565,False,False,False,False
T1__duck_amount,player_slot_numeric,3734887,3734887,3295932,438955,0.11752832147264429,,True,0.0,1.0,0.0829093966462718,0.2553965229917655,False,False,False,False
T1__has_bomb,objective,3734887,3734887,3201225,533662,0.14288571515015047,2.0,False,0.0,1.0,0.14288571515015047,0.34995626520492606,False,False,False,False
T1__has_helmet,utility,3734887,3734887,1344216,2390671,0.6400919224597692,2.0,False,0.0,1.0,0.6400919224597692,0.4799731797314575,False,False,False,False
T1__hp,state,3734887,3734887,814770,2920117,0.7818488216644841,101.0,False,0.0,100.0,71.49522729871077,41.96297387945492,False,False,False,False
T1__is_scoped,player_slot_numeric,3734887,3734887,3616716,118171,0.031639779195461605,2.0,False,0.0,1.0,0.031639779195461605,0.17503914867230141,False,False,False,False
T1__is_walking,player_slot_numeric,3734887,3734887,2766157,968730,0.25937330901845224,2.0,False,0.0,1.0,0.25937330901845224,0.4382907660301215,False,False,False,False
T1__shots_fired,combat,3734887,3734887,3305614,429273,0.1149360074347631,34.0,False,0.0,35.0,0.43943337509274044,1.6731703905904216,False,False,False,False
T2__X,position,3734887,3734887,2,3734885,0.9999994645085648,,True,-3959.97216796875,3497.326171875,-72.0684764022571,1045.3131905742996,False,False,False,False
T2__Y,position,3734887,3734887,2,3734885,0.9999994645085648,,True,-3358.221435546875,3593.971923828125,-21.22928257516699,1242.689634725632,False,False,False,False
T2__alive,state,3734887,3734887,837360,2897527,0.7758004459037181,2.0,False,0.0,1.0,0.7758004459037181,0.4170540900642388,False,False,False,False
T2__armor,state,3734887,3734887,1094665,2640222,0.7069081340345772,101.0,False,0.0,100.0,66.03237393795314,43.87648341728133,False,False,False,False
T2__duck_amount,player_slot_numeric,3734887,3734887,3267082,467805,0.1252527854256367,,True,0.0,1.0,0.08766785712826383,0.26155294315501615,False,False,False,False
T2__has_bomb,objective,3734887,3734887,3301295,433592,0.11609240118911228,2.0,False,0.0,1.0,0.11609240118911228,0.3203356920095831,False,False,False,False
T2__has_helmet,utility,3734887,3734887,1326518,2408369,0.6448304861699966,2.0,False,0.0,1.0,0.6448304861699966,0.478564656316952,False,False,False,False
T2__hp,state,3734887,3734887,837360,2897527,0.7758004459037181,101.0,False,0.0,100.0,70.71487276589626,42.22569602508533,False,False,False,False
T2__is_scoped,player_slot_numeric,3734887,3734887,3686183,48704,0.013040287430382767,2.0,False,0.0,1.0,0.013040287430382767,0.11344707283185304,False,False,False,False
T2__is_walking,player_slot_numeric,3734887,3734887,2785669,949218,0.25414905457648385,2.0,False,0.0,1.0,0.25414905457648385,0.4353818009912257,False,False,False,False
T2__shots_fired,combat,3734887,3734887,3288487,446400,0.11952168834023627,35.0,False,0.0,35.0,0.4547149619252202,1.6996207870657716,False,False,False,False
T3__X,position,3734887,3734887,14,3734873,0.9999962515599535,,True,-3959.97265625,3497.97216796875,-105.91881890608438,1063.4752254525442,False,False,False,False
T3__Y,position,3734887,3734887,14,3734873,0.9999962515599535,,True,-3283.863525390625,3593.9716796875,-24.37393353613004,1219.6305087158778,False,False,False,False
T3__alive,state,3734887,3734887,816589,2918298,0.781361792204155,2.0,False,0.0,1.0,0.781361792204155,0.41332256397112643,False,False,False,False
T3__armor,state,3734887,3734887,1043149,2691738,0.7207013224228739,100.0,False,0.0,100.0,67.20819344735196,43.27026861038598,False,False,False,False
T3__duck_amount,player_slot_numeric,3734887,3734887,3259335,475552,0.12732701149994632,,True,0.0,1.0,0.09025366627467453,0.2652203554749236,False,False,False,False
T3__has_bomb,objective,3734887,3734887,3312103,422784,0.11319860547320441,2.0,False,0.0,1.0,0.11319860547320441,0.3168354165684863,False,False,False,False
T3__has_helmet,utility,3734887,3734887,1312432,2422455,0.6486019523482237,2.0,False,0.0,1.0,0.6486019523482237,0.47740701687165876,False,False,False,False
T3__hp,state,3734887,3734887,816589,2918298,0.781361792204155,101.0,False,0.0,100.0,71.09251872948231,41.95798790245163,False,False,False,False
T3__is_scoped,player_slot_numeric,3734887,3734887,3641801,93086,0.024923377869263515,2.0,False,0.0,1.0,0.024923377869263515,0.15589163898313926,False,False,False,False
T3__is_walking,player_slot_numeric,3734887,3734887,2816644,918243,0.2458556309735743,2.0,False,0.0,1.0,0.2458556309735743,0.430593357696284,False,False,False,False
T3__shots_fired,combat,3734887,3734887,3305313,429574,0.11501659889576311,32.0,False,0.0,33.0,0.43653181475102193,1.6513350227187384,False,False,False,False
T4__X,position,3734887,3734887,1,3734886,0.9999997322542824,,True,-3959.97119140625,3497.880615234375,-109.76296892218033,1045.4895898269654,False,False,False,False
T4__Y,position,3734887,3734887,0,3734887,1.0,,True,-3361.164794921875,3593.969970703125,-8.346542688212285,1238.1748140302395,False,False,False,False
T4__alive,state,3734887,3734887,782339,2952548,0.790532083032231,2.0,False,0.0,1.0,0.790532083032231,0.40692887428757485,False,False,False,False
T4__armor,state,3734887,3734887,1071882,2663005,0.7130081847188415,100.0,False,0.0,100.0,66.57461470721871,43.642584163909525,False,False,False,False
T4__duck_amount,player_slot_numeric,3734887,3734887,3264857,470030,0.12584851964731464,,True,0.0,1.0,0.09222317720909655,0.27044290052578385,False,False,False,False
T4__has_bomb,objective,3734887,3734887,3132113,602774,0.16139015718547844,2.0,False,0.0,1.0,0.16139015718547844,0.3678904379691391,False,False,False,False
T4__has_helmet,utility,3734887,3734887,1332074,2402813,0.6433428909629663,2.0,False,0.0,1.0,0.6433428909629663,0.479012333463742,False,False,False,False
T4__hp,state,3734887,3734887,782339,2952548,0.790532083032231,101.0,False,0.0,100.0,72.33207698117775,41.47985865738145,False,False,False,False
T4__is_scoped,player_slot_numeric,3734887,3734887,3552902,181985,0.048725704418902095,2.0,False,0.0,1.0,0.048725704418902095,0.21529400862026765,False,False,False,False
T4__is_walking,player_slot_numeric,3734887,3734887,2799439,935448,0.2504621960450209,2.0,False,0.0,1.0,0.2504621960450209,0.43327922220818116,False,False,False,False
T4__shots_fired,combat,3734887,3734887,3343728,391159,0.10473114715384964,34.0,False,0.0,35.0,0.39955184721786763,1.618769714538495,False,False,False,False
T5__X,position,3734887,3734887,100,3734787,0.9999732254282392,,True,-3959.97119140625,3497.967041015625,-98.80310675690602,1062.856125103855,False,False,False,False
T5__Y,position,3734887,3734887,100,3734787,0.9999732254282392,,True,-3275.978759765625,3593.972412109375,-34.97536300815857,1237.901667527041,False,False,False,False
T5__alive,state,3734887,3734887,795550,2939337,0.786994894356911,2.0,False,0.0,1.0,0.786994894356911,0.40943122818498534,False,False,False,False
T5__armor,state,3734887,3734887,1042949,2691938,0.7207548715663954,99.0,False,0.0,100.0,67.34660031213795,43.29734549179347,False,False,False,False
T5__duck_amount,player_slot_numeric,3734887,3734887,3272742,462145,0.12373734466397511,,True,0.0,1.0,0.0881880437978399,0.2633634983593575,False,False,False,False
T5__has_bomb,objective,3734887,3734887,3231709,503178,0.13472375469458647,2.0,False,0.0,1.0,0.13472375469458647,0.3414282715528686,False,False,False,False
T5__has_helmet,utility,3734887,3734887,1321287,2413600,0.6462310640188044,2.0,False,0.0,1.0,0.6462310640188044,0.4781385530533261,False,False,False,False
T5__hp,state,3734887,3734887,795514,2939373,0.7870045332027448,101.0,False,0.0,100.0,72.03787397048424,41.66959652890598,False,False,False,False
T5__is_scoped,player_slot_numeric,3734887,3734887,3562783,172104,0.0460801089832169,2.0,False,0.0,1.0,0.0460801089832169,0.20965860950438395,False,False,False,False
T5__is_walking,player_slot_numeric,3734887,3734887,2813125,921762,0.24679782815383705,2.0,False,0.0,1.0,0.24679782815383705,0.43114807221230406,False,False,False,False
T5__shots_fired,combat,3734887,3734887,3324503,410384,0.10987855857486452,33.0,False,0.0,34.0,0.41899527348484705,1.6265938551729693,False,False,False,False
T_alive,state,3734887,3734887,51018,3683869,0.9863401489790722,6.0,False,0.0,5.0,3.916535359704323,1.3684232110728125,False,False,False,False
T_armor_sum,state,3734887,3734887,227878,3507009,0.9389866413629114,497.0,False,0.0,500.0,332.8450274399199,153.09993798479553,False,False,False,False
T_bomb_carrier_alive,state,3734887,3734887,1239035,2495852,0.6682536847835021,2.0,False,0.0,1.0,0.6682536847835021,0.4708404162312045,False,False,False,False
T_bomb_zone_count,objective,3734887,3734887,3621216,113671,0.03043492346622535,2.0,False,0.0,1.0,0.03043492346622535,0.1717807873419794,False,False,False,False
T_burning_players,other,3734887,3734887,3312440,422447,0.1131083751663705,6.0,False,0.0,5.0,0.1317507062462666,0.3946701482689987,False,False,False,False
T_cash_spent_round_sum,economy,3734887,3734887,91537,3643350,0.9754913602473113,609.0,False,0.0,40150.0,11429.835936134079,7340.821252774545,False,False,False,False
T_closest_enemy_dist,position,3734887,3734887,51018,3683869,0.9863401489790722,,True,0.0,5856.751332323953,1256.2378779774247,741.8525644071944,False,False,False,False
T_damage_last_5s,combat,3734887,3734887,2934902,799985,0.21419255790068079,453.0,False,0.0,507.0,16.653122303298602,41.70481716874339,False,False,False,False
T_duck_amount_mean,other,3734887,3734887,2508264,1226623,0.32842305536954663,,True,0.0,1.0,0.09328215097134505,0.1719432136506211,False,False,False,False
T_equip_value_sum,economy,3734887,3734887,51207,3683680,0.9862895450384442,627.0,False,0.0,35100.0,16262.474942347653,8508.443103634929,False,False,False,False
T_flashed_players,utility,3734887,3734887,3401897,332990,0.08915664650630661,6.0,False,0.0,5.0,0.14162490056593413,0.5182357136819207,False,False,False,False
T_helmet_count,utility,3734887,3734887,534990,3199897,0.856758718536866,6.0,False,0.0,5.0,3.22309831595976,1.8228950370364883,False,False,False,False
T_hp_sum,state,3734887,3734887,51018,3683869,0.9863401489790722,501.0,False,0.0,500.0,357.6714229908428,150.07939328897098,False,False,False,False
T_kills_last_3s,combat,3734887,3734887,3439677,295210,0.07904121329507426,6.0,False,0.0,5.0,0.08802783056087105,0.31564642095103557,False,False,False,False
T_macro_A,position,3734887,3734887,3277421,457466,0.12248456245128701,6.0,False,0.0,5.0,0.19825901024582537,0.5999169572448625,False,False,False,False
T_macro_B,position,3734887,3734887,3319122,415765,0.11131929828131347,6.0,False,0.0,5.0,0.20158682176997592,0.6407038595668122,False,False,False,False
T_macro_MID,position,3734887,3734887,2672570,1062317,0.28443082749223736,6.0,False,0.0,5.0,0.5151877419584582,0.9728866759155593,False,False,False,False
T_macro_OTHER,utility,3734887,3734887,336121,3398766,0.9100050416518626,6.0,False,0.0,5.0,3.0015017857300634,1.694017258395777,False,False,False,False
T_mean_X,position,3734887,3734887,51018,3683869,0.9863401489790722,,True,-3959.9697265625,3432.9208984375,-92.14466628696417,935.9531667330308,False,False,False,False
T_mean_Y,position,3734887,3734887,51018,3683869,0.9863401489790722,,True,-3233.199951171875,3593.96875,-15.98917324306846,1135.914408812907,False,False,False,False
T_money_sum,economy,3734887,3734887,65803,3669084,0.9823815285442371,1085.0,False,0.0,66550.0,7388.459436657655,8794.583876313134,False,False,False,False
T_place_ADMIN,position,3734887,3734887,3728986,5901,0.0015799674796051393,6.0,False,0.0,5.0,0.0018889460377248361,0.05144230992124572,False,False,False,False
T_place_ALLEY,position,3734887,3734887,3624887,110000,0.029452028936886178,6.0,False,0.0,5.0,0.03713740201510782,0.23603098581082194,False,False,False,False
T_place_APARTMENTS,position,3734887,3734887,3401144,333743,0.08935825903166549,6.0,False,0.0,5.0,0.12169096414429674,0.43687976683099705,False,False,False,False
T_place_ARAMP,position,3734887,3734887,3709172,25715,0.006885081128291164,5.0,False,0.0,4.0,0.008536268968780045,0.11052173576268502,False,False,False,False
T_place_ARCH,position,3734887,3734887,3715464,19423,0.005200425073101275,6.0,False,0.0,5.0,0.007013866818460639,0.10748627167727236,False,False,False,False
T_place_BACKALLEY,position,3734887,3734887,3567761,167126,0.04474727080096399,6.0,False,0.0,5.0,0.06274942187005926,0.3305556018795705,False,False,False,False
T_place_BACKOFB,position,3734887,3734887,3628851,106036,0.028390684912287842,6.0,False,0.0,5.0,0.05406508951944195,0.37235221974889093,False,False,False,False
T_place_BALCONY,position,3734887,3734887,3717017,17870,0.004784615973655963,4.0,False,0.0,3.0,0.004956508724360336,0.07271893529229088,False,False,False,False
T_place_BANANA,position,3734887,3734887,3429007,305880,0.08189806010195222,6.0,False,0.0,5.0,0.17215888994767445,0.6669997439302717,False,False,False,False
T_place_BDOORS,position,3734887,3734887,3720845,14042,0.0037596853666523244,5.0,False,0.0,4.0,0.004568009688111046,0.07994942757718704,False,False,False,False
T_place_BOMBSITEA,position,3734887,3734887,3277421,457466,0.12248456245128701,6.0,False,0.0,5.0,0.19825901024582537,0.5999169572448625,False,False,False,False
T_place_BOMBSITEB,position,3734887,3734887,3319122,415765,0.11131929828131347,6.0,False,0.0,5.0,0.20158682176997592,0.6407038595668122,False,False,False,False
T_place_BRIDGE,position,3734887,3734887,3652052,82835,0.02217871651806333,6.0,False,0.0,5.0,0.030851268057105877,0.230932663484955,False,False,False,False
T_place_CANAL,position,3734887,3734887,3584569,150318,0.040247000779407786,6.0,False,0.0,5.0,0.06508523551047193,0.3595755718836742,False,False,False,False
T_place_CATWALK,position,3734887,3734887,3558903,175984,0.047118962367536155,6.0,False,0.0,5.0,0.06811424281377187,0.34739282988462916,False,False,False,False
T_place_CONNECTOR,position,3734887,3734887,3639394,95493,0.025567841811546105,6.0,False,0.0,5.0,0.03110696521742157,0.20650192963911965,False,False,False,False
T_place_CONSTRUCTION,position,3734887,3734887,3719322,15565,0.004167462094569394,5.0,False,0.0,4.0,0.00488689483778224,0.08045642200795128,False,False,False,False
T_place_CONTROL,position,3734887,3734887,3711013,23874,0.006392161262174733,6.0,False,0.0,5.0,0.010059474356252278,0.14072416767697155,False,False,False,False
T_place_CTSPAWN,position,3734887,3734887,3650478,84409,0.022600148277578412,6.0,False,0.0,5.0,0.02868038577873976,0.20963714461960445,False,False,False,False
T_place_DECK,position,3734887,3734887,3728799,6088,0.0016300359287978459,3.0,False,0.0,2.0,0.0016541330433825709,0.04122609751634043,False,False,False,False
T_place_DECON,position,3734887,3734887,3724574,10313,0.002761261585691883,5.0,False,0.0,4.0,0.0031146859329345172,0.062245368156026284,False,False,False,False
T_place_DUMPSTER,position,3734887,3734887,3696277,38610,0.010337662156847048,5.0,False,0.0,4.0,0.010930183429913675,0.10997403098147825,False,False,False,False
T_place_ELECTRICALBOX,position,3734887,3734887,3729871,5016,0.0013430125195220096,4.0,False,0.0,3.0,0.0013794259371167053,0.038097518807142,False,False,False,False
T_place_EXTENDEDA,position,3734887,3734887,3688004,46883,0.012552722478618496,6.0,False,0.0,5.0,0.020014795628355023,0.20170321040022782,False,False,False,False
T_place_FOUNTAIN,position,3734887,3734887,3671882,63005,0.01686931893789558,6.0,False,0.0,5.0,0.02456486635338633,0.21155275021579897,False,False,False,False
T_place_GARAGE,position,3734887,3734887,3717115,17772,0.004758376893330374,6.0,False,0.0,5.0,0.005414889392905327,0.08316572839247423,False,False,False,False
T_place_GRAVEYARD,position,3734887,3734887,3725555,9332,0.00249860303671838,3.0,False,0.0,2.0,0.0025304647771137384,0.05087027625162107,False,False,False,False
T_place_HEAVEN,utility,3734887,3734887,3717246,17641,0.004723302204323718,5.0,False,0.0,4.0,0.005332959203317262,0.08149954818661798,False,False,False,False
T_place_HELL,utility,3734887,3734887,3729328,5559,0.001488398444183184,5.0,False,0.0,4.0,0.0017052724754457096,0.04689670108985011,False,False,False,False
T_place_HOLE,position,3734887,3734887,3729780,5107,0.0013673773798243427,4.0,False,0.0,3.0,0.0014136973889705366,0.03879271011917778,False,False,False,False
T_place_HOUSE,position,3734887,3734887,3642066,92821,0.02485242525409738,6.0,False,0.0,5.0,0.03245158421124923,0.2274211486645006,False,False,False,False
T_place_HUT,position,3734887,3734887,3703974,30913,0.00827682336841784,5.0,False,0.0,4.0,0.009325851090006203,0.10727920481311526,False,False,False,False
T_place_IVY,position,3734887,3734887,3687443,47444,0.012702927826196616,6.0,False,0.0,5.0,0.019088930936866363,0.1871522746947063,False,False,False,False
T_place_JUNGLE,position,3734887,3734887,3717333,17554,0.004700008326891818,5.0,False,0.0,4.0,0.005117423900642777,0.07719629194300219,False,False,False,False
T_place_LADDER,position,3734887,3734887,3727682,7205,0.0019291078953660445,3.0,False,0.0,2.0,0.0019395499783527587,0.04423428862554092,False,False,False,False
T_place_LIBRARY,position,3734887,3734887,3729138,5749,0.0015392701305287147,5.0,False,0.0,4.0,0.0016910819524124825,0.04537970646497698,False,False,False,False
T_place_LOBBY,position,3734887,3734887,3534496,200391,0.05365383209719598,6.0,False,0.0,5.0,0.07951083928375878,0.37808872427751733,False,False,False,False
T_place_LONGA,position,3734887,3734887,3673007,61880,0.016568105005586514,6.0,False,0.0,5.0,0.026829191887197658,0.23469814962013605,False,False,False,False
T_place_LONGDOG,position,3734887,3734887,3664673,70214,0.018799497816132053,6.0,False,0.0,5.0,0.027226258786410405,0.21490364714161023,False,False,False,False
T_place_LONGDOORS,position,3734887,3734887,3598832,136055,0.036428143609164076,6.0,False,0.0,5.0,0.06194832668297595,0.373042320886954,False,False,False,False
T_place_LOWERMID,position,3734887,3734887,3646196,88691,0.02374663544037611,6.0,False,0.0,5.0,0.0383695678075401,0.30063013851432374,False,False,False,False
T_place_LOWERPARK,position,3734887,3734887,3679777,55110,0.014755466497379974,6.0,False,0.0,5.0,0.026454615628263987,0.24802410763235738,False,False,False,False
T_place_LOWERTUNNEL,position,3734887,3734887,3620632,114255,0.030591286965308453,6.0,False,0.0,5.0,0.038060856995138004,0.23126714487951575,False,False,False,False
T_place_MAIN,position,3734887,3734887,3702118,32769,0.008773759420298392,6.0,False,0.0,5.0,0.012991022218342885,0.15467578830056455,False,False,False,False
T_place_MAINHALL,position,3734887,3734887,3650365,84522,0.02263040354366812,6.0,False,0.0,5.0,0.03637164926274878,0.2770053089767663,False,False,False,False
T_place_MIDDLE,position,3734887,3734887,3149894,584993,0.1566293705806896,6.0,False,0.0,5.0,0.23182843282808824,0.6152045890839931,False,False,False,False
T_place_MIDDOORS,position,3734887,3734887,3653242,81645,0.021860099114109743,6.0,False,0.0,5.0,0.030949798481185644,0.23527968732349427,False,False,False,False
T_place_MINI,position,3734887,3734887,3720499,14388,0.0038523253849447117,5.0,False,0.0,4.0,0.004263315061473078,0.07187617459722942,False,False,False,False
T_place_OBSERVATION,position,3734887,3734887,3724302,10585,0.0028340884208812745,4.0,False,0.0,3.0,0.0030453397920740307,0.05905493186442622,False,False,False,False
T_place_OUTSIDE,position,3734887,3734887,3253849,481038,0.1287958645067441,6.0,False,0.0,5.0,0.2502560318424627,0.7548273162684155,False,False,False,False
T_place_OUTSIDELONG,position,3734887,3734887,3488822,246065,0.06588285000322634,6.0,False,0.0,5.0,0.09525000354763076,0.40657437920042416,False,False,False,False
T_place_OUTSIDETUNNEL,position,3734887,3734887,3669958,64929,0.017384461698573477,6.0,False,0.0,5.0,0.02368960560252559,0.20007529672263022,False,False,False,False
T_place_PALACEALLEY,position,3734887,3734887,3609778,125109,0.033497398984226295,6.0,False,0.0,5.0,0.04746569307183859,0.2872869238765237,False,False,False,False
T_place_PALACEINTERIOR,position,3734887,3734887,3526904,207983,0.05568655758527634,6.0,False,0.0,5.0,0.06682933111497082,0.2981187969313759,False,False,False,False
T_place_PIPE,position,3734887,3734887,3719254,15633,0.004185668803366742,5.0,False,0.0,4.0,0.004772567416363601,0.07828246911579972,False,False,False,False
T_place_PIT,position,3734887,3734887,3675091,59796,0.016010122930091325,6.0,False,0.0,5.0,0.018851440485348016,0.1584729214515089,False,False,False,False
T_place_PLAYGROUND,position,3734887,3734887,3720418,14469,0.0038740127880709644,4.0,False,0.0,3.0,0.0041254260169049295,0.0680950579972018,False,False,False,False
T_place_QUAD,position,3734887,3734887,3729309,5578,0.0014934856128177372,4.0,False,0.0,3.0,0.0015697931423360333,0.04151737456667284,False,False,False,False
T_place_RAFTERS,position,3734887,3734887,3730538,4349,0.0011644261258774362,4.0,False,0.0,3.0,0.0012613500756515526,0.03821037644945457,False,False,False,False
T_place_RAMP,position,3734887,3734887,3632449,102438,0.027427335820334055,6.0,False,0.0,5.0,0.041266308726341655,0.2827498666264354,False,False,False,False
T_place_RESTROOM,position,3734887,3734887,3728132,6755,0.0018086223224424193,4.0,False,0.0,3.0,0.0020854713944491493,0.05183915998718269,False,False,False,False
T_place_ROOF,position,3734887,3734887,3656019,78868,0.02111656925631217,5.0,False,0.0,4.0,0.02448347165523348,0.17657281815166093,False,False,False,False
T_place_RUINS,position,3734887,3734887,3502158,232729,0.0623121931132053,6.0,False,0.0,5.0,0.08588077765137205,0.3760067386765002,False,False,False,False
T_place_SECONDMID,position,3734887,3734887,3573869,161018,0.04311187995781399,6.0,False,0.0,5.0,0.058501636060207446,0.30543103152014817,False,False,False,False
T_place_SECRET,position,3734887,3734887,3681727,53160,0.014233362348044265,6.0,False,0.0,5.0,0.020148936232876658,0.19007487742397192,False,False,False,False
T_place_SHOP,position,3734887,3734887,3725271,9616,0.002574642820519068,6.0,False,0.0,5.0,0.002822575355024128,0.057926287408719815,False,False,False,False
T_place_SHORTSTAIRS,position,3734887,3734887,3662400,72487,0.019408083832255167,6.0,False,0.0,5.0,0.029061120189178415,0.23794192516077334,False,False,False,False
T_place_SIDE,position,3734887,3734887,3725252,9635,0.0025797299891536208,3.0,False,0.0,2.0,0.002612662712419412,0.051688510836569154,False,False,False,False
T_place_SIDEALLEY,position,3734887,3734887,3605810,129077,0.03455981399169506,6.0,False,0.0,5.0,0.05188590712382998,0.3136451708157086,False,False,False,False
T_place_SIDEENTRANCE,position,3734887,3734887,3660955,73932,0.019794976394198808,5.0,False,0.0,4.0,0.02661419207595839,0.2049052199535361,False,False,False,False
T_place_SIDEHALL,position,3734887,3734887,3699012,35875,0.009605377619189014,5.0,False,0.0,4.0,0.013767484799406248,0.15429484293780704,False,False,False,False
T_place_SILO,position,3734887,3734887,3662844,72043,0.01928920473363719,5.0,False,0.0,4.0,0.020190972310541122,0.14719403803794479,False,False,False,False
T_place_SNIPERSNEST,position,3734887,3734887,3724252,10635,0.0028474757067616773,4.0,False,0.0,3.0,0.002956448213828156,0.05627364947104904,False,False,False,False
T_place_SQUEAKY,position,3734887,3734887,3662714,72173,0.019324011676926236,5.0,False,0.0,4.0,0.021421799374385358,0.1606137823215828,False,False,False,False
T_place_STAIRS,position,3734887,3734887,3725084,9803,0.0026247112697117742,3.0,False,0.0,2.0,0.002661660178741686,0.05223479263761282,False,False,False,False
T_place_STREET,position,3734887,3734887,3689812,45075,0.01206863822118313,6.0,False,0.0,5.0,0.0177009371367862,0.18188549264857487,False,False,False,False
T_place_TMAIN,position,3734887,3734887,3627711,107176,0.028695915030361025,6.0,False,0.0,5.0,0.03984511445727809,0.257854853099943,False,False,False,False
T_place_TOPOFMID,position,3734887,3734887,3319256,415631,0.11128342035515398,6.0,False,0.0,5.0,0.15553830678143676,0.4911675728769545,False,False,False,False
T_place_TRAMP,position,3734887,3734887,3509793,225094,0.06026795455926779,6.0,False,0.0,5.0,0.07851562845140964,0.3416785558131736,False,False,False,False
T_place_TROPHY,position,3734887,3734887,3688214,46673,0.012496495877920805,6.0,False,0.0,5.0,0.016050284787732533,0.15768969536487482,False,False,False,False
T_place_TRUCK,position,3734887,3734887,3723822,11065,0.0029626063653331413,5.0,False,0.0,4.0,0.0030788080067750377,0.05758172460279275,False,False,False,False
T_place_TSIDELOWER,position,3734887,3734887,3610312,124575,0.033354422771023594,6.0,False,0.0,5.0,0.04496789327227303,0.26680603099346045,False,False,False,False
T_place_TSIDEUPPER,position,3734887,3734887,3505091,229796,0.06152689492346087,6.0,False,0.0,5.0,0.08877885729876164,0.39647562409586923,False,False,False,False
T_place_TSPAWN,position,3734887,3734887,3223571,511316,0.13690266934448084,6.0,False,0.0,5.0,0.33463207856087746,1.0535131379706724,False,False,False,False
T_place_TSTAIRS,position,3734887,3734887,3673591,61296,0.01641174150650341,6.0,False,0.0,5.0,0.020489776531391713,0.17639897507116792,False,False,False,False
T_place_TUNNEL,position,3734887,3734887,3695751,39136,0.010478496404308885,6.0,False,0.0,5.0,0.014715840131173982,0.1646384631496098,False,False,False,False
T_place_TUNNELS,position,3734887,3734887,3590758,144129,0.038589922533131524,6.0,False,0.0,5.0,0.06217644603437802,0.35668323256199413,False,False,False,False
T_place_TUNNELSTAIRS,position,3734887,3734887,3680497,54390,0.014562689580702174,6.0,False,0.0,5.0,0.016497955627573203,0.14323266029506015,False,False,False,False
T_place_UNDERA,position,3734887,3734887,3723476,11411,0.0030552463836255287,5.0,False,0.0,4.0,0.0033926059878116796,0.06399145486364739,False,False,False,False
T_place_UNDERPASS,position,3734887,3734887,3583575,151312,0.04051314002271019,6.0,False,0.0,5.0,0.04860388011739043,0.2552895839318948,False,False,False,False
T_place_UPPERPARK,position,3734887,3734887,3695303,39584,0.010598446485797294,6.0,False,0.0,5.0,0.01713224523258669,0.18963561387271058,False,False,False,False
T_place_UPPERTUNNEL,position,3734887,3734887,3523196,211691,0.05667935870616701,6.0,False,0.0,5.0,0.09160598433098512,0.43494956214065467,False,False,False,False
T_place_UPSTAIRS,position,3734887,3734887,3724550,10337,0.002767687482914476,5.0,False,0.0,4.0,0.002992861631422852,0.05928837925270341,False,False,False,False
T_place_VENDING,position,3734887,3734887,3666056,68831,0.018429205488680114,6.0,False,0.0,5.0,0.024607705668203618,0.19724323342516742,False,False,False,False
T_place_VENTS,position,3734887,3734887,3717092,17795,0.004764535044835359,4.0,False,0.0,3.0,0.005003899716376961,0.07414321555809811,False,False,False,False
T_place_WALKWAY,position,3734887,3734887,3721387,13500,0.0036145671877087578,5.0,False,0.0,4.0,0.004174691228944811,0.07354026906907957,False,False,False,False
T_place_WATER,position,3734887,3734887,3674140,60747,0.016264749107536586,6.0,False,0.0,5.0,0.02049727341148474,0.1751979562672163,False,False,False,False
T_round_start_equip_sum,economy,3734887,3734887,51207,3683680,0.9862895450384442,501.0,False,0.0,26850.0,5202.348959955148,6067.604363745333,False,False,False,False
T_scoped_count,other,3734887,3734887,3218312,516575,0.1383107440733816,4.0,False,0.0,3.0,0.13877635387630202,0.3470865104861905,False,False,False,False
T_shots_fired_sum,combat,3734887,3734887,3548299,186588,0.04995813795705198,54.0,False,0.0,58.0,0.21219785230450078,1.3338009024480553,False,False,False,False
T_spread_xy,position,3734887,3734887,314936,3419951,0.9156772346793892,,True,0.0,2895.2255859375,541.1361634388691,334.73126982119277,False,False,False,False
T_start_balance_sum,economy,3734887,3734887,88222,3646665,0.9763789373011821,985.0,False,0.0,66550.0,7248.814127442142,8833.7018430706,False,False,False,False
T_unique_places,position,3734887,3734887,51018,3683869,0.9863401489790722,6.0,False,0.0,5.0,2.556211205318929,1.1385139215012297,False,False,False,False
T_velocity_mean,other,3734887,3734887,120373,3614514,0.9677706447343655,,True,0.0,1180.7149818505063,113.83045498808389,65.57248202714644,False,False,False,False
T_walking_count,other,3734887,3734887,1349605,2385282,0.6386490407875793,6.0,False,0.0,5.0,1.2543276409701285,1.2545637004188166,False,False,False,False
alive_diff,state,3734887,3734887,1920884,1814003,0.4856915349781667,10.0,False,-4.0,5.0,0.008696113162192055,1.2743983100028147,False,False,False,False
armor_diff,state,3734887,3734887,226919,3507968,0.9392434095060975,1001.0,False,-500.0,500.0,16.310844478025707,180.2687875286928,False,False,False,False
bomb_events_last_5s,objective,3734887,3734887,3223263,511624,0.1369851350255041,9.0,False,0.0,8.0,0.17333964856232598,0.4786060477679429,False,False,False,False
bomb_planted,objective,3734887,3734887,3091800,643087,0.172183790299412,2.0,False,0.0,1.0,0.172183790299412,0.37754010734959026,False,False,False,False
centroid_distance_xy,position,3734887,3734887,0,3734887,1.0,,True,1.3143255971116965,5850.0464569234655,1434.970827945748,759.9986633648426,False,False,False,False
closest_enemy_dist_diff,position,3734887,3734887,109584,3625303,0.9706593532816388,,True,-2935.142518072295,2280.5922163157074,102.92662971989452,352.89312264931647,False,False,False,False
damage_diff_last_5s,combat,3734887,3734887,2593595,1141292,0.30557604554033363,832.0,False,-482.0,477.0,2.0059091479876097,44.32665546198655,False,False,False,False
equip_diff,economy,3734887,3734887,14410,3720477,0.9961417842092679,1185.0,False,-29100.0,31900.0,1465.6157468753406,10810.896216793755,False,False,False,False
hp_diff,state,3734887,3734887,901570,2833317,0.7586084933761048,940.0,False,-486.0,500.0,11.628245245438483,113.05609188500455,False,False,False,False
kill_diff_last_3s,combat,3734887,3734887,3268417,466470,0.12489534489262995,11.0,False,-5.0,5.0,0.011606776858309234,0.4154642413014597,False,False,False,False
money_diff,economy,3734887,3734887,35032,3699855,0.9906203320207546,2079.0,False,-65400.0,69650.0,-344.01026055139016,12002.128419747187,False,False,False,False
round_num,time,3734887,3734887,0,3734887,1.0,48.0,False,1.0,48.0,12.610561979519058,7.545014000337295,False,False,False,False
seconds_in_round,time,3734887,3734887,20313,3714574,0.9945612812382275,312.0,False,0.0,155.5,50.377446493026426,33.012791971424626,False,False,False,False
spread_diff,position,3734887,3734887,59481,3675406,0.9840742169709552,,True,-2895.2255859375,3008.6258544921875,239.6466692113598,488.09855855285684,False,False,False,False
