csv_path,round_num,tick,seconds_in_round,bomb_planted,lstm_probability,ridge_probability,delta_from_prev,ridge_delta_from_prev,ct_win,xgboost_probability,lstm_abs_error,xgboost_abs_error,closer_model,probability_delta_lstm_minus_xgboost
processed_full/blast_bounty_season_2_finals/blast-bounty-2025-season-2-finals-the-mongolz-vs-aurora-bo3-BL3Rcvf733R8cy7TtLY5HE/the-mongolz-vs-aurora-m1-dust2.csv,8,59843,0.0,0,0.7884092330932617,0.7884139,0.0,0.0,1,0.8466058969497681,0.21159076690673828,0.15339410305023193,xgboost,-0.05819666385650635
processed_full/blast_bounty_season_2_finals/blast-bounty-2025-season-2-finals-the-mongolz-vs-aurora-bo3-BL3Rcvf733R8cy7TtLY5HE/the-mongolz-vs-aurora-m1-dust2.csv,8,59875,0.5,0,0.8072057366371155,0.80719906,0.0187965035438537,0.018785179,1,0.8466058969497681,0.19279426336288452,0.15339410305023193,xgboost,-0.03940016031265259
processed_full/blast_bounty_season_2_finals/blast-bounty-2025-season-2-finals-the-mongolz-vs-aurora-bo3-BL3Rcvf733R8cy7TtLY5HE/the-mongolz-vs-aurora-m1-dust2.csv,8,59907,1.0,0,0.7767380475997925,0.77673906,-0.0304676890373229,-0.03046,1,0.8466058969497681,0.22326195240020752,0.15339410305023193,xgboost,-0.06986784934997559
processed_full/blast_bounty_season_2_finals/blast-bounty-2025-season-2-finals-the-mongolz-vs-aurora-bo3-BL3Rcvf733R8cy7TtLY5HE/the-mongolz-vs-aurora-m1-dust2.csv,8,59939,1.5,0,0.7505919933319092,0.75059325,-0.0261460542678833,-0.026145816,1,0.8383625745773315,0.24940800666809082,0.16163742542266846,xgboost,-0.08777058124542236
processed_full/blast_bounty_season_2_finals/blast-bounty-2025-season-2-finals-the-mongolz-vs-aurora-bo3-BL3Rcvf733R8cy7TtLY5HE/the-mongolz-vs-aurora-m1-dust2.csv,8,59971,2.0,0,0.7407512068748474,0.74075544,-0.0098407864570617,-0.009837806,1,0.8381204009056091,0.2592487931251526,0.16187959909439087,xgboost,-0.09736919403076172
processed_full/blast_bounty_season_2_finals/blast-bounty-2025-season-2-finals-the-mongolz-vs-aurora-bo3-BL3Rcvf733R8cy7TtLY5HE/the-mongolz-vs-aurora-m1-dust2.csv,8,60003,2.5,0,0.7340666651725769,0.7340646,-0.0066845417022705,-0.00669086,1,0.838740885257721,0.2659333348274231,0.16125911474227905,xgboost,-0.10467422008514404
processed_full/blast_bounty_season_2_finals/blast-bounty-2025-season-2-finals-the-mongolz-vs-aurora-bo3-BL3Rcvf733R8cy7TtLY5HE/the-mongolz-vs-aurora-m1-dust2.csv,8,60035,3.0,0,0.7239771485328674,0.72397727,-0.0100895166397094,-0.010087311,1,0.838740885257721,0.27602285146713257,0.16125911474227905,xgboost,-0.11476373672485352
processed_full/blast_bounty_season_2_finals/blast-bounty-2025-season-2-finals-the-mongolz-vs-aurora-bo3-BL3Rcvf733R8cy7TtLY5HE/the-mongolz-vs-aurora-m1-dust2.csv,8,60067,3.5,0,0.7152977585792542,0.715299,-0.0086793899536132,-0.008678257,1,0.8395695686340332,0.28470224142074585,0.1604304313659668,xgboost,-0.12427181005477905
processed_full/blast_bounty_season_2_finals/blast-bounty-2025-season-2-finals-the-mongolz-vs-aurora-bo3-BL3Rcvf733R8cy7TtLY5HE/the-mongolz-vs-aurora-m1-dust2.csv,8,60099,4.0,0,0.7107545137405396,0.7107471,-0.0045432448387146,-0.0045518875,1,0.8375574946403503,0.28924548625946045,0.16244250535964966,xgboost,-0.1268029808998108
processed_full/blast_bounty_season_2_finals/blast-bounty-2025-season-2-finals-the-mongolz-vs-aurora-bo3-BL3Rcvf733R8cy7TtLY5HE/the-mongolz-vs-aurora-m1-dust2.csv,8,60131,4.5,0,0.6774947643280029,0.6775034,-0.0332597494125366,-0.033243716,1,0.7469876408576965,0.32250523567199707,0.25301235914230347,xgboost,-0.0694928765296936
processed_full/blast_bounty_season_2_finals/blast-bounty-2025-season-2-finals-the-mongolz-vs-aurora-bo3-BL3Rcvf733R8cy7TtLY5HE/the-mongolz-vs-aurora-m1-dust2.csv,8,60163,5.0,0,0.6732974648475647,0.6732947,-0.0041972994804382,-0.004208684,1,0.7472879886627197,0.3267025351524353,0.2527120113372803,xgboost,-0.07399052381515503
processed_full/blast_bounty_season_2_finals/blast-bounty-2025-season-2-finals-the-mongolz-vs-aurora-bo3-BL3Rcvf733R8cy7TtLY5HE/the-mongolz-vs-aurora-m1-dust2.csv,8,60195,5.5,0,0.6869297623634338,0.68692833,0.0136322975158691,0.013633609,1,0.7472879886627197,0.31307023763656616,0.2527120113372803,xgboost,-0.06035822629928589
processed_full/blast_bounty_season_2_finals/blast-bounty-2025-season-2-finals-the-mongolz-vs-aurora-bo3-BL3Rcvf733R8cy7TtLY5HE/the-mongolz-vs-aurora-m1-dust2.csv,8,60227,6.0,0,0.7001343965530396,0.700135,0.0132046341896057,0.013206661,1,0.7477443814277649,0.29986560344696045,0.2522556185722351,xgboost,-0.04760998487472534
processed_full/blast_bounty_season_2_finals/blast-bounty-2025-season-2-finals-the-mongolz-vs-aurora-bo3-BL3Rcvf733R8cy7TtLY5HE/the-mongolz-vs-aurora-m1-dust2.csv,8,60259,6.5,0,0.7068933844566345,0.70688903,0.0067589879035949,0.0067540407,1,0.7426794767379761,0.2931066155433655,0.2573205232620239,xgboost,-0.03578609228134155
processed_full/blast_bounty_season_2_finals/blast-bounty-2025-season-2-finals-the-mongolz-vs-aurora-bo3-BL3Rcvf733R8cy7TtLY5HE/the-mongolz-vs-aurora-m1-dust2.csv,8,60291,7.0,0,0.7024072408676147,0.70240504,-0.0044861435890197,-0.004483998,1,0.7426794767379761,0.29759275913238525,0.2573205232620239,xgboost,-0.04027223587036133
processed_full/blast_bounty_season_2_finals/blast-bounty-2025-season-2-finals-the-mongolz-vs-aurora-bo3-BL3Rcvf733R8cy7TtLY5HE/the-mongolz-vs-aurora-m1-dust2.csv,8,60323,7.5,0,0.7020767331123352,0.70208,-0.0003305077552795,-0.00032502413,1,0.7426794767379761,0.2979232668876648,0.2573205232620239,xgboost,-0.04060274362564087
processed_full/blast_bounty_season_2_finals/blast-bounty-2025-season-2-finals-the-mongolz-vs-aurora-bo3-BL3Rcvf733R8cy7TtLY5HE/the-mongolz-vs-aurora-m1-dust2.csv,8,60355,8.0,0,0.7230803966522217,0.7230753,0.0210036635398864,0.02099526,1,0.7442169189453125,0.2769196033477783,0.2557830810546875,xgboost,-0.02113652229309082
processed_full/blast_bounty_season_2_finals/blast-bounty-2025-season-2-finals-the-mongolz-vs-aurora-bo3-BL3Rcvf733R8cy7TtLY5HE/the-mongolz-vs-aurora-m1-dust2.csv,8,60387,8.5,0,0.7184023261070251,0.71839935,-0.0046780705451965,-0.004675925,1,0.7442169189453125,0.28159767389297485,0.2557830810546875,xgboost,-0.025814592838287354
processed_full/blast_bounty_season_2_finals/blast-bounty-2025-season-2-finals-the-mongolz-vs-aurora-bo3-BL3Rcvf733R8cy7TtLY5HE/the-mongolz-vs-aurora-m1-dust2.csv,8,60419,9.0,0,0.7099173665046692,0.7099163,-0.0084849596023559,-0.008483052,1,0.7409417629241943,0.2900826334953308,0.25905823707580566,xgboost,-0.031024396419525146
processed_full/blast_bounty_season_2_finals/blast-bounty-2025-season-2-finals-the-mongolz-vs-aurora-bo3-BL3Rcvf733R8cy7TtLY5HE/the-mongolz-vs-aurora-m1-dust2.csv,8,60451,9.5,0,0.7204513549804688,0.7204525,0.0105339884757995,0.010536194,1,0.7409417629241943,0.27954864501953125,0.25905823707580566,xgboost,-0.020490407943725586
processed_full/blast_bounty_season_2_finals/blast-bounty-2025-season-2-finals-the-mongolz-vs-aurora-bo3-BL3Rcvf733R8cy7TtLY5HE/the-mongolz-vs-aurora-m1-dust2.csv,8,60483,10.0,0,0.7252185940742493,0.72521716,0.0047672390937805,0.004764676,1,0.7409417629241943,0.27478140592575073,0.25905823707580566,xgboost,-0.01572316884994507
processed_full/blast_bounty_season_2_finals/blast-bounty-2025-season-2-finals-the-mongolz-vs-aurora-bo3-BL3Rcvf733R8cy7TtLY5HE/the-mongolz-vs-aurora-m1-dust2.csv,8,60515,10.5,0,0.7218764424324036,0.721876,-0.0033421516418457,-0.0033411384,1,0.7409417629241943,0.27812355756759644,0.25905823707580566,xgboost,-0.01906532049179077
processed_full/blast_bounty_season_2_finals/blast-bounty-2025-season-2-finals-the-mongolz-vs-aurora-bo3-BL3Rcvf733R8cy7TtLY5HE/the-mongolz-vs-aurora-m1-dust2.csv,8,60547,11.0,0,0.7184496521949768,0.7184482,-0.0034267902374267,-0.0034278035,1,0.7409417629241943,0.2815503478050232,0.25905823707580566,xgboost,-0.02249211072921753
processed_full/blast_bounty_season_2_finals/blast-bounty-2025-season-2-finals-the-mongolz-vs-aurora-bo3-BL3Rcvf733R8cy7TtLY5HE/the-mongolz-vs-aurora-m1-dust2.csv,8,60579,11.5,0,0.7463736534118652,0.7463735,0.0279240012168884,0.027925253,1,0.7409417629241943,0.25362634658813477,0.25905823707580566,lstm,0.0054318904876708984
processed_full/blast_bounty_season_2_finals/blast-bounty-2025-season-2-finals-the-mongolz-vs-aurora-bo3-BL3Rcvf733R8cy7TtLY5HE/the-mongolz-vs-aurora-m1-dust2.csv,8,60611,12.0,0,0.7526185512542725,0.75261503,0.0062448978424072,0.00624156,1,0.7409417629241943,0.24738144874572754,0.25905823707580566,lstm,0.011676788330078125
processed_full/blast_bounty_season_2_finals/blast-bounty-2025-season-2-finals-the-mongolz-vs-aurora-bo3-BL3Rcvf733R8cy7TtLY5HE/the-mongolz-vs-aurora-m1-dust2.csv,8,60643,12.5,0,0.7132773995399475,0.7132797,-0.0393411517143249,-0.03933531,1,0.7409417629241943,0.2867226004600525,0.25905823707580566,xgboost,-0.027664363384246826
processed_full/blast_bounty_season_2_finals/blast-bounty-2025-season-2-finals-the-mongolz-vs-aurora-bo3-BL3Rcvf733R8cy7TtLY5HE/the-mongolz-vs-aurora-m1-dust2.csv,8,60675,13.0,0,0.7474945187568665,0.74749196,0.0342171192169189,0.03421223,1,0.7414166927337646,0.25250548124313354,0.25858330726623535,lstm,0.006077826023101807
processed_full/blast_bounty_season_2_finals/blast-bounty-2025-season-2-finals-the-mongolz-vs-aurora-bo3-BL3Rcvf733R8cy7TtLY5HE/the-mongolz-vs-aurora-m1-dust2.csv,8,60707,13.5,0,0.7366440892219543,0.7366454,-0.0108504295349121,-0.010846555,1,0.7409417629241943,0.26335591077804565,0.25905823707580566,xgboost,-0.00429767370223999
processed_full/blast_bounty_season_2_finals/blast-bounty-2025-season-2-finals-the-mongolz-vs-aurora-bo3-BL3Rcvf733R8cy7TtLY5HE/the-mongolz-vs-aurora-m1-dust2.csv,8,60739,14.0,0,0.7421540021896362,0.7421542,0.0055099129676818,0.0055087805,1,0.7409417629241943,0.25784599781036377,0.25905823707580566,lstm,0.0012122392654418945
processed_full/blast_bounty_season_2_finals/blast-bounty-2025-season-2-finals-the-mongolz-vs-aurora-bo3-BL3Rcvf733R8cy7TtLY5HE/the-mongolz-vs-aurora-m1-dust2.csv,8,60771,14.5,0,0.7536300420761108,0.75362843,0.0114760398864746,0.011474252,1,0.7409417629241943,0.24636995792388916,0.25905823707580566,lstm,0.012688279151916504
processed_full/blast_bounty_season_2_finals/blast-bounty-2025-season-2-finals-the-mongolz-vs-aurora-bo3-BL3Rcvf733R8cy7TtLY5HE/the-mongolz-vs-aurora-m1-dust2.csv,8,60803,15.0,0,0.7540430426597595,0.7540413,0.0004130005836486,0.00041288137,1,0.7409417629241943,0.24595695734024048,0.25905823707580566,lstm,0.013101279735565186
processed_full/blast_bounty_season_2_finals/blast-bounty-2025-season-2-finals-the-mongolz-vs-aurora-bo3-BL3Rcvf733R8cy7TtLY5HE/the-mongolz-vs-aurora-m1-dust2.csv,8,60835,15.5,0,0.7452005743980408,0.7452001,-0.0088424682617187,-0.008841217,1,0.7409417629241943,0.25479942560195923,0.25905823707580566,lstm,0.0042588114738464355
processed_full/blast_bounty_season_2_finals/blast-bounty-2025-season-2-finals-the-mongolz-vs-aurora-bo3-BL3Rcvf733R8cy7TtLY5HE/the-mongolz-vs-aurora-m1-dust2.csv,8,60867,16.0,0,0.74507075548172,0.7450752,-0.0001298189163208,-0.00012487173,1,0.7409417629241943,0.25492924451828003,0.25905823707580566,lstm,0.004128992557525635
processed_full/blast_bounty_season_2_finals/blast-bounty-2025-season-2-finals-the-mongolz-vs-aurora-bo3-BL3Rcvf733R8cy7TtLY5HE/the-mongolz-vs-aurora-m1-dust2.csv,8,60899,16.5,0,0.7544969916343689,0.7544994,0.0094262361526489,0.00942415,1,0.7403742671012878,0.2455030083656311,0.25962573289871216,lstm,0.014122724533081055
processed_full/blast_bounty_season_2_finals/blast-bounty-2025-season-2-finals-the-mongolz-vs-aurora-bo3-BL3Rcvf733R8cy7TtLY5HE/the-mongolz-vs-aurora-m1-dust2.csv,8,60931,17.0,0,0.7629639506340027,0.7629639,0.0084669589996337,0.008464515,1,0.7403742671012878,0.23703604936599731,0.25962573289871216,lstm,0.022589683532714844
processed_full/blast_bounty_season_2_finals/blast-bounty-2025-season-2-finals-the-mongolz-vs-aurora-bo3-BL3Rcvf733R8cy7TtLY5HE/the-mongolz-vs-aurora-m1-dust2.csv,8,60963,17.5,0,0.7567360997200012,0.7567333,-0.0062278509140014,-0.0062305927,1,0.7403742671012878,0.24326390027999878,0.25962573289871216,lstm,0.01636183261871338
processed_full/blast_bounty_season_2_finals/blast-bounty-2025-season-2-finals-the-mongolz-vs-aurora-bo3-BL3Rcvf733R8cy7TtLY5HE/the-mongolz-vs-aurora-m1-dust2.csv,8,60995,18.0,0,0.7534681558609009,0.7534649,-0.0032679438591003,-0.0032684207,1,0.7403742671012878,0.24653184413909912,0.25962573289871216,lstm,0.013093888759613037
processed_full/blast_bounty_season_2_finals/blast-bounty-2025-season-2-finals-the-mongolz-vs-aurora-bo3-BL3Rcvf733R8cy7TtLY5HE/the-mongolz-vs-aurora-m1-dust2.csv,8,61027,18.5,0,0.7434094548225403,0.74341214,-0.0100587010383605,-0.010052741,1,0.743654191493988,0.2565905451774597,0.25634580850601196,xgboost,-0.0002447366714477539
processed_full/blast_bounty_season_2_finals/blast-bounty-2025-season-2-finals-the-mongolz-vs-aurora-bo3-BL3Rcvf733R8cy7TtLY5HE/the-mongolz-vs-aurora-m1-dust2.csv,8,61059,19.0,0,0.7327679991722107,0.7327741,-0.0106414556503295,-0.010638058,1,0.7437096834182739,0.2672320008277893,0.2562903165817261,xgboost,-0.010941684246063232
processed_full/blast_bounty_season_2_finals/blast-bounty-2025-season-2-finals-the-mongolz-vs-aurora-bo3-BL3Rcvf733R8cy7TtLY5HE/the-mongolz-vs-aurora-m1-dust2.csv,8,61091,19.5,0,0.7405277490615845,0.74052674,0.0077597498893737,0.007752657,1,0.7429763078689575,0.2594722509384155,0.2570236921310425,xgboost,-0.002448558807373047
processed_full/blast_bounty_season_2_finals/blast-bounty-2025-season-2-finals-the-mongolz-vs-aurora-bo3-BL3Rcvf733R8cy7TtLY5HE/the-mongolz-vs-aurora-m1-dust2.csv,8,61123,20.0,0,0.7533823251724243,0.75338346,0.0128545761108398,0.012856722,1,0.7429763078689575,0.24661767482757568,0.2570236921310425,lstm,0.010406017303466797
processed_full/blast_bounty_season_2_finals/blast-bounty-2025-season-2-finals-the-mongolz-vs-aurora-bo3-BL3Rcvf733R8cy7TtLY5HE/the-mongolz-vs-aurora-m1-dust2.csv,8,61155,20.5,0,0.7551867961883545,0.7551916,0.0018044710159301,0.0018081665,1,0.7429763078689575,0.2448132038116455,0.2570236921310425,lstm,0.012210488319396973
processed_full/blast_bounty_season_2_finals/blast-bounty-2025-season-2-finals-the-mongolz-vs-aurora-bo3-BL3Rcvf733R8cy7TtLY5HE/the-mongolz-vs-aurora-m1-dust2.csv,8,61187,21.0,0,0.7333954572677612,0.7333956,-0.0217913389205932,-0.021796048,1,0.7401050329208374,0.26660454273223877,0.2598949670791626,xgboost,-0.006709575653076172
processed_full/blast_bounty_season_2_finals/blast-bounty-2025-season-2-finals-the-mongolz-vs-aurora-bo3-BL3Rcvf733R8cy7TtLY5HE/the-mongolz-vs-aurora-m1-dust2.csv,8,61219,21.5,0,0.7550899386405945,0.75508523,0.0216944813728332,0.021689653,1,0.7401050329208374,0.24491006135940552,0.2598949670791626,lstm,0.01498490571975708
processed_full/blast_bounty_season_2_finals/blast-bounty-2025-season-2-finals-the-mongolz-vs-aurora-bo3-BL3Rcvf733R8cy7TtLY5HE/the-mongolz-vs-aurora-m1-dust2.csv,8,61251,22.0,0,0.7650803327560425,0.7650811,0.0099903941154479,0.009995878,1,0.7401050329208374,0.23491966724395752,0.2598949670791626,lstm,0.024975299835205078
processed_full/blast_bounty_season_2_finals/blast-bounty-2025-season-2-finals-the-mongolz-vs-aurora-bo3-BL3Rcvf733R8cy7TtLY5HE/the-mongolz-vs-aurora-m1-dust2.csv,8,61283,22.5,0,0.7568477392196655,0.7568438,-0.0082325935363769,-0.008237302,1,0.7401050329208374,0.24315226078033447,0.2598949670791626,lstm,0.016742706298828125
processed_full/blast_bounty_season_2_finals/blast-bounty-2025-season-2-finals-the-mongolz-vs-aurora-bo3-BL3Rcvf733R8cy7TtLY5HE/the-mongolz-vs-aurora-m1-dust2.csv,8,61315,23.0,0,0.7425863146781921,0.7425864,-0.0142614245414733,-0.014257431,1,0.7401050329208374,0.25741368532180786,0.2598949670791626,lstm,0.0024812817573547363
processed_full/blast_bounty_season_2_finals/blast-bounty-2025-season-2-finals-the-mongolz-vs-aurora-bo3-BL3Rcvf733R8cy7TtLY5HE/the-mongolz-vs-aurora-m1-dust2.csv,8,61347,23.5,0,0.7425621747970581,0.7425634,-2.4139881134033203e-05,-2.2947788e-05,1,0.7401050329208374,0.2574378252029419,0.2598949670791626,lstm,0.002457141876220703
processed_full/blast_bounty_season_2_finals/blast-bounty-2025-season-2-finals-the-mongolz-vs-aurora-bo3-BL3Rcvf733R8cy7TtLY5HE/the-mongolz-vs-aurora-m1-dust2.csv,8,61379,24.0,0,0.734682559967041,0.73468256,-0.007879614830017,-0.0078808665,1,0.7401050329208374,0.265317440032959,0.2598949670791626,xgboost,-0.005422472953796387
processed_full/blast_bounty_season_2_finals/blast-bounty-2025-season-2-finals-the-mongolz-vs-aurora-bo3-BL3Rcvf733R8cy7TtLY5HE/the-mongolz-vs-aurora-m1-dust2.csv,8,61411,24.5,0,0.7236334681510925,0.7236382,-0.0110490918159484,-0.011044383,1,0.7452031970024109,0.27636653184890747,0.2547968029975891,xgboost,-0.02156972885131836
processed_full/blast_bounty_season_2_finals/blast-bounty-2025-season-2-finals-the-mongolz-vs-aurora-bo3-BL3Rcvf733R8cy7TtLY5HE/the-mongolz-vs-aurora-m1-dust2.csv,8,61443,25.0,0,0.7344743609428406,0.7344708,0.010840892791748,0.010832608,1,0.7452031970024109,0.2655256390571594,0.2547968029975891,xgboost,-0.010728836059570312
processed_full/blast_bounty_season_2_finals/blast-bounty-2025-season-2-finals-the-mongolz-vs-aurora-bo3-BL3Rcvf733R8cy7TtLY5HE/the-mongolz-vs-aurora-m1-dust2.csv,8,61475,25.5,0,0.7288490533828735,0.72885275,-0.005625307559967,-0.005618036,1,0.7452031970024109,0.27115094661712646,0.2547968029975891,xgboost,-0.016354143619537354
processed_full/blast_bounty_season_2_finals/blast-bounty-2025-season-2-finals-the-mongolz-vs-aurora-bo3-BL3Rcvf733R8cy7TtLY5HE/the-mongolz-vs-aurora-m1-dust2.csv,8,61507,26.0,0,0.7261870503425598,0.72618175,-0.0026620030403137,-0.0026710033,1,0.7452031970024109,0.2738129496574402,0.2547968029975891,xgboost,-0.019016146659851074
processed_full/blast_bounty_season_2_finals/blast-bounty-2025-season-2-finals-the-mongolz-vs-aurora-bo3-BL3Rcvf733R8cy7TtLY5HE/the-mongolz-vs-aurora-m1-dust2.csv,8,61539,26.5,0,0.7191411852836609,0.71914405,-0.0070458650588989,-0.007037699,1,0.7452031970024109,0.2808588147163391,0.2547968029975891,xgboost,-0.02606201171875
processed_full/blast_bounty_season_2_finals/blast-bounty-2025-season-2-finals-the-mongolz-vs-aurora-bo3-BL3Rcvf733R8cy7TtLY5HE/the-mongolz-vs-aurora-m1-dust2.csv,8,61571,27.0,0,0.7295287847518921,0.72952956,0.0103875994682312,0.010385513,1,0.7456620931625366,0.2704712152481079,0.2543379068374634,xgboost,-0.01613330841064453
processed_full/blast_bounty_season_2_finals/blast-bounty-2025-season-2-finals-the-mongolz-vs-aurora-bo3-BL3Rcvf733R8cy7TtLY5HE/the-mongolz-vs-aurora-m1-dust2.csv,8,61603,27.5,0,0.7314594388008118,0.73146063,0.0019306540489196,0.0019310713,1,0.7456620931625366,0.26854056119918823,0.2543379068374634,xgboost,-0.014202654361724854
processed_full/blast_bounty_season_2_finals/blast-bounty-2025-season-2-finals-the-mongolz-vs-aurora-bo3-BL3Rcvf733R8cy7TtLY5HE/the-mongolz-vs-aurora-m1-dust2.csv,8,61635,28.0,0,0.7322431802749634,0.7322391,0.0007837414741516,0.00077849627,1,0.7446184158325195,0.2677568197250366,0.25538158416748047,xgboost,-0.012375235557556152
processed_full/blast_bounty_season_2_finals/blast-bounty-2025-season-2-finals-the-mongolz-vs-aurora-bo3-BL3Rcvf733R8cy7TtLY5HE/the-mongolz-vs-aurora-m1-dust2.csv,8,61667,28.5,0,0.7172381281852722,0.71723896,-0.0150050520896911,-0.0150001645,1,0.7441583275794983,0.2827618718147278,0.2558416724205017,xgboost,-0.026920199394226074
processed_full/blast_bounty_season_2_finals/blast-bounty-2025-season-2-finals-the-mongolz-vs-aurora-bo3-BL3Rcvf733R8cy7TtLY5HE/the-mongolz-vs-aurora-m1-dust2.csv,8,61699,29.0,0,0.7044650316238403,0.7044701,-0.0127730965614318,-0.012768865,1,0.7441583275794983,0.29553496837615967,0.2558416724205017,xgboost,-0.03969329595565796
processed_full/blast_bounty_season_2_finals/blast-bounty-2025-season-2-finals-the-mongolz-vs-aurora-bo3-BL3Rcvf733R8cy7TtLY5HE/the-mongolz-vs-aurora-m1-dust2.csv,8,61731,29.5,0,0.7243775129318237,0.7243719,0.0199124813079834,0.019901812,1,0.7441583275794983,0.27562248706817627,0.2558416724205017,xgboost,-0.01978081464767456
processed_full/blast_bounty_season_2_finals/blast-bounty-2025-season-2-finals-the-mongolz-vs-aurora-bo3-BL3Rcvf733R8cy7TtLY5HE/the-mongolz-vs-aurora-m1-dust2.csv,8,61763,30.0,0,0.7341334819793701,0.7341301,0.0097559690475463,0.009758174,1,0.7441583275794983,0.2658665180206299,0.2558416724205017,xgboost,-0.010024845600128174
processed_full/blast_bounty_season_2_finals/blast-bounty-2025-season-2-finals-the-mongolz-vs-aurora-bo3-BL3Rcvf733R8cy7TtLY5HE/the-mongolz-vs-aurora-m1-dust2.csv,8,61795,30.5,0,0.7440561056137085,0.7440591,0.0099226236343383,0.009929001,1,0.7452031970024109,0.2559438943862915,0.2547968029975891,xgboost,-0.0011470913887023926
processed_full/blast_bounty_season_2_finals/blast-bounty-2025-season-2-finals-the-mongolz-vs-aurora-bo3-BL3Rcvf733R8cy7TtLY5HE/the-mongolz-vs-aurora-m1-dust2.csv,8,61827,31.0,0,0.738511860370636,0.7385119,-0.0055442452430725,-0.005547166,1,0.7452031970024109,0.261488139629364,0.2547968029975891,xgboost,-0.006691336631774902
processed_full/blast_bounty_season_2_finals/blast-bounty-2025-season-2-finals-the-mongolz-vs-aurora-bo3-BL3Rcvf733R8cy7TtLY5HE/the-mongolz-vs-aurora-m1-dust2.csv,8,61859,31.5,0,0.7196651101112366,0.71966714,-0.0188467502593994,-0.018844783,1,0.7452031970024109,0.2803348898887634,0.2547968029975891,xgboost,-0.025538086891174316
processed_full/blast_bounty_season_2_finals/blast-bounty-2025-season-2-finals-the-mongolz-vs-aurora-bo3-BL3Rcvf733R8cy7TtLY5HE/the-mongolz-vs-aurora-m1-dust2.csv,8,61891,32.0,0,0.7132283449172974,0.7132236,-0.0064367651939392,-0.00644356,1,0.7456620931625366,0.28677165508270264,0.2543379068374634,xgboost,-0.03243374824523926
processed_full/blast_bounty_season_2_finals/blast-bounty-2025-season-2-finals-the-mongolz-vs-aurora-bo3-BL3Rcvf733R8cy7TtLY5HE/the-mongolz-vs-aurora-m1-dust2.csv,8,61923,32.5,0,0.6975229978561401,0.69752824,-0.0157053470611572,-0.015695333,1,0.7471877336502075,0.30247700214385986,0.2528122663497925,xgboost,-0.04966473579406738
processed_full/blast_bounty_season_2_finals/blast-bounty-2025-season-2-finals-the-mongolz-vs-aurora-bo3-BL3Rcvf733R8cy7TtLY5HE/the-mongolz-vs-aurora-m1-dust2.csv,8,61955,33.0,0,0.6967990398406982,0.6968004,-0.0007239580154418,-0.0007278323,1,0.7439374923706055,0.30320096015930176,0.25606250762939453,xgboost,-0.04713845252990723
processed_full/blast_bounty_season_2_finals/blast-bounty-2025-season-2-finals-the-mongolz-vs-aurora-bo3-BL3Rcvf733R8cy7TtLY5HE/the-mongolz-vs-aurora-m1-dust2.csv,8,61987,33.5,0,0.7042966485023499,0.70429456,0.0074976086616516,0.0074941516,1,0.7434766292572021,0.29570335149765015,0.25652337074279785,xgboost,-0.039179980754852295
processed_full/blast_bounty_season_2_finals/blast-bounty-2025-season-2-finals-the-mongolz-vs-aurora-bo3-BL3Rcvf733R8cy7TtLY5HE/the-mongolz-vs-aurora-m1-dust2.csv,8,62019,34.0,0,0.7102432250976562,0.7102438,0.0059465765953063,0.005949259,1,0.7434766292572021,0.28975677490234375,0.25652337074279785,xgboost,-0.0332334041595459
processed_full/blast_bounty_season_2_finals/blast-bounty-2025-season-2-finals-the-mongolz-vs-aurora-bo3-BL3Rcvf733R8cy7TtLY5HE/the-mongolz-vs-aurora-m1-dust2.csv,8,62051,34.5,0,0.7042683362960815,0.7042652,-0.0059748888015747,-0.005978644,1,0.7434766292572021,0.29573166370391846,0.25652337074279785,xgboost,-0.039208292961120605
processed_full/blast_bounty_season_2_finals/blast-bounty-2025-season-2-finals-the-mongolz-vs-aurora-bo3-BL3Rcvf733R8cy7TtLY5HE/the-mongolz-vs-aurora-m1-dust2.csv,8,62083,35.0,0,0.7053494453430176,0.70535105,0.001081109046936,0.0010858774,1,0.7434766292572021,0.2946505546569824,0.25652337074279785,xgboost,-0.03812718391418457
processed_full/blast_bounty_season_2_finals/blast-bounty-2025-season-2-finals-the-mongolz-vs-aurora-bo3-BL3Rcvf733R8cy7TtLY5HE/the-mongolz-vs-aurora-m1-dust2.csv,8,62115,35.5,0,0.7209786772727966,0.7209787,0.015629231929779,0.015627623,1,0.7434766292572021,0.27902132272720337,0.25652337074279785,xgboost,-0.022497951984405518
processed_full/blast_bounty_season_2_finals/blast-bounty-2025-season-2-finals-the-mongolz-vs-aurora-bo3-BL3Rcvf733R8cy7TtLY5HE/the-mongolz-vs-aurora-m1-dust2.csv,8,62147,36.0,0,0.7170302271842957,0.71702796,-0.0039484500885009,-0.003950715,1,0.7434766292572021,0.28296977281570435,0.25652337074279785,xgboost,-0.026446402072906494
processed_full/blast_bounty_season_2_finals/blast-bounty-2025-season-2-finals-the-mongolz-vs-aurora-bo3-BL3Rcvf733R8cy7TtLY5HE/the-mongolz-vs-aurora-m1-dust2.csv,8,62179,36.5,0,0.7105403542518616,0.7105438,-0.006489872932434,-0.006484151,1,0.7434766292572021,0.2894596457481384,0.25652337074279785,xgboost,-0.032936275005340576
processed_full/blast_bounty_season_2_finals/blast-bounty-2025-season-2-finals-the-mongolz-vs-aurora-bo3-BL3Rcvf733R8cy7TtLY5HE/the-mongolz-vs-aurora-m1-dust2.csv,8,62211,37.0,0,0.7106000781059265,0.7106041,5.9723854064941406e-05,6.0260296e-05,1,0.7434766292572021,0.2893999218940735,0.25652337074279785,xgboost,-0.032876551151275635
processed_full/blast_bounty_season_2_finals/blast-bounty-2025-season-2-finals-the-mongolz-vs-aurora-bo3-BL3Rcvf733R8cy7TtLY5HE/the-mongolz-vs-aurora-m1-dust2.csv,8,62243,37.5,0,0.7416368722915649,0.7416413,0.0310367941856384,0.031037211,1,0.7434766292572021,0.25836312770843506,0.25652337074279785,xgboost,-0.001839756965637207
processed_full/blast_bounty_season_2_finals/blast-bounty-2025-season-2-finals-the-mongolz-vs-aurora-bo3-BL3Rcvf733R8cy7TtLY5HE/the-mongolz-vs-aurora-m1-dust2.csv,8,62275,38.0,0,0.7531135082244873,0.75310963,0.0114766359329223,0.011468351,1,0.7458652853965759,0.2468864917755127,0.2541347146034241,lstm,0.007248222827911377
processed_full/blast_bounty_season_2_finals/blast-bounty-2025-season-2-finals-the-mongolz-vs-aurora-bo3-BL3Rcvf733R8cy7TtLY5HE/the-mongolz-vs-aurora-m1-dust2.csv,8,62307,38.5,0,0.7385572195053101,0.7385584,-0.0145562887191772,-0.014551222,1,0.7458652853965759,0.26144278049468994,0.2541347146034241,xgboost,-0.007308065891265869
processed_full/blast_bounty_season_2_finals/blast-bounty-2025-season-2-finals-the-mongolz-vs-aurora-bo3-BL3Rcvf733R8cy7TtLY5HE/the-mongolz-vs-aurora-m1-dust2.csv,8,62339,39.0,0,0.7332561016082764,0.7332543,-0.0053011178970336,-0.005304098,1,0.7458652853965759,0.26674389839172363,0.2541347146034241,xgboost,-0.01260918378829956
processed_full/blast_bounty_season_2_finals/blast-bounty-2025-season-2-finals-the-mongolz-vs-aurora-bo3-BL3Rcvf733R8cy7TtLY5HE/the-mongolz-vs-aurora-m1-dust2.csv,8,62371,39.5,0,0.7440754175186157,0.7440686,0.0108193159103393,0.010814309,1,0.7463234066963196,0.2559245824813843,0.2536765933036804,xgboost,-0.0022479891777038574
processed_full/blast_bounty_season_2_finals/blast-bounty-2025-season-2-finals-the-mongolz-vs-aurora-bo3-BL3Rcvf733R8cy7TtLY5HE/the-mongolz-vs-aurora-m1-dust2.csv,8,62403,40.0,0,0.7380906343460083,0.7380924,-0.0059847831726074,-0.0059762,1,0.7463234066963196,0.2619093656539917,0.2536765933036804,xgboost,-0.00823277235031128
processed_full/blast_bounty_season_2_finals/blast-bounty-2025-season-2-finals-the-mongolz-vs-aurora-bo3-BL3Rcvf733R8cy7TtLY5HE/the-mongolz-vs-aurora-m1-dust2.csv,8,62435,40.5,0,0.7388004660606384,0.7388022,0.0007098317146301,0.0007097721,1,0.7463234066963196,0.2611995339393616,0.2536765933036804,xgboost,-0.007522940635681152
processed_full/blast_bounty_season_2_finals/blast-bounty-2025-season-2-finals-the-mongolz-vs-aurora-bo3-BL3Rcvf733R8cy7TtLY5HE/the-mongolz-vs-aurora-m1-dust2.csv,8,62467,41.0,0,0.7384958863258362,0.7384987,-0.0003045797348022,-0.00030350685,1,0.7463234066963196,0.2615041136741638,0.2536765933036804,xgboost,-0.007827520370483398
processed_full/blast_bounty_season_2_finals/blast-bounty-2025-season-2-finals-the-mongolz-vs-aurora-bo3-BL3Rcvf733R8cy7TtLY5HE/the-mongolz-vs-aurora-m1-dust2.csv,8,62499,41.5,0,0.7422801852226257,0.7422763,0.0037842988967895,0.0037776232,1,0.7463234066963196,0.25771981477737427,0.2536765933036804,xgboost,-0.004043221473693848
processed_full/blast_bounty_season_2_finals/blast-bounty-2025-season-2-finals-the-mongolz-vs-aurora-bo3-BL3Rcvf733R8cy7TtLY5HE/the-mongolz-vs-aurora-m1-dust2.csv,8,62531,42.0,0,0.7103223204612732,0.71032387,-0.0319578647613525,-0.03195244,1,0.7463234066963196,0.2896776795387268,0.2536765933036804,xgboost,-0.03600108623504639
processed_full/blast_bounty_season_2_finals/blast-bounty-2025-season-2-finals-the-mongolz-vs-aurora-bo3-BL3Rcvf733R8cy7TtLY5HE/the-mongolz-vs-aurora-m1-dust2.csv,8,62563,42.5,0,0.7066470980644226,0.70665246,-0.0036752223968505,-0.0036714077,1,0.7463234066963196,0.2933529019355774,0.2536765933036804,xgboost,-0.03967630863189697
processed_full/blast_bounty_season_2_finals/blast-bounty-2025-season-2-finals-the-mongolz-vs-aurora-bo3-BL3Rcvf733R8cy7TtLY5HE/the-mongolz-vs-aurora-m1-dust2.csv,8,62595,43.0,0,0.7464519739151001,0.7464501,0.0398048758506774,0.039797664,1,0.7465845942497253,0.2535480260848999,0.25341540575027466,xgboost,-0.00013262033462524414
processed_full/blast_bounty_season_2_finals/blast-bounty-2025-season-2-finals-the-mongolz-vs-aurora-bo3-BL3Rcvf733R8cy7TtLY5HE/the-mongolz-vs-aurora-m1-dust2.csv,8,62627,43.5,0,0.7440522909164429,0.7440514,-0.0023996829986572,-0.0023987293,1,0.7465845942497253,0.25594770908355713,0.25341540575027466,xgboost,-0.0025323033332824707
processed_full/blast_bounty_season_2_finals/blast-bounty-2025-season-2-finals-the-mongolz-vs-aurora-bo3-BL3Rcvf733R8cy7TtLY5HE/the-mongolz-vs-aurora-m1-dust2.csv,8,62659,44.0,0,0.7156469225883484,0.7156459,-0.0284053683280944,-0.028405488,1,0.7465845942497253,0.2843530774116516,0.25341540575027466,xgboost,-0.030937671661376953
processed_full/blast_bounty_season_2_finals/blast-bounty-2025-season-2-finals-the-mongolz-vs-aurora-bo3-BL3Rcvf733R8cy7TtLY5HE/the-mongolz-vs-aurora-m1-dust2.csv,8,62691,44.5,0,0.7305347919464111,0.73053426,0.0148878693580627,0.014888346,1,0.7465845942497253,0.26946520805358887,0.25341540575027466,xgboost,-0.01604980230331421
processed_full/blast_bounty_season_2_finals/blast-bounty-2025-season-2-finals-the-mongolz-vs-aurora-bo3-BL3Rcvf733R8cy7TtLY5HE/the-mongolz-vs-aurora-m1-dust2.csv,8,62723,45.0,0,0.746259331703186,0.74625534,0.0157245397567749,0.015721083,1,0.7466671466827393,0.25374066829681396,0.25333285331726074,xgboost,-0.00040781497955322266
processed_full/blast_bounty_season_2_finals/blast-bounty-2025-season-2-finals-the-mongolz-vs-aurora-bo3-BL3Rcvf733R8cy7TtLY5HE/the-mongolz-vs-aurora-m1-dust2.csv,8,62755,45.5,0,0.721561074256897,0.7215637,-0.024698257446289,-0.024691641,1,0.7466671466827393,0.278438925743103,0.25333285331726074,xgboost,-0.025106072425842285
processed_full/blast_bounty_season_2_finals/blast-bounty-2025-season-2-finals-the-mongolz-vs-aurora-bo3-BL3Rcvf733R8cy7TtLY5HE/the-mongolz-vs-aurora-m1-dust2.csv,8,62787,46.0,0,0.7729772329330444,0.7729731,0.0514161586761474,0.051409423,1,0.7464059591293335,0.22702276706695557,0.2535940408706665,lstm,0.026571273803710938
processed_full/blast_bounty_season_2_finals/blast-bounty-2025-season-2-finals-the-mongolz-vs-aurora-bo3-BL3Rcvf733R8cy7TtLY5HE/the-mongolz-vs-aurora-m1-dust2.csv,8,62819,46.5,0,0.7619090676307678,0.76190907,-0.0110681653022766,-0.011064053,1,0.7464059591293335,0.23809093236923218,0.2535940408706665,lstm,0.015503108501434326
processed_full/blast_bounty_season_2_finals/blast-bounty-2025-season-2-finals-the-mongolz-vs-aurora-bo3-BL3Rcvf733R8cy7TtLY5HE/the-mongolz-vs-aurora-m1-dust2.csv,8,62851,47.0,0,0.7542808651924133,0.75428224,-0.0076282024383544,-0.0076268315,1,0.7464059591293335,0.24571913480758667,0.2535940408706665,lstm,0.007874906063079834
processed_full/blast_bounty_season_2_finals/blast-bounty-2025-season-2-finals-the-mongolz-vs-aurora-bo3-BL3Rcvf733R8cy7TtLY5HE/the-mongolz-vs-aurora-m1-dust2.csv,8,62883,47.5,0,0.7403807044029236,0.74038285,-0.0139001607894897,-0.013899386,1,0.7464059591293335,0.2596192955970764,0.2535940408706665,xgboost,-0.006025254726409912
processed_full/blast_bounty_season_2_finals/blast-bounty-2025-season-2-finals-the-mongolz-vs-aurora-bo3-BL3Rcvf733R8cy7TtLY5HE/the-mongolz-vs-aurora-m1-dust2.csv,8,62915,48.0,0,0.7337445616722107,0.73374563,-0.0066361427307128,-0.0066372156,1,0.7512352466583252,0.2662554383277893,0.2487647533416748,xgboost,-0.017490684986114502
processed_full/blast_bounty_season_2_finals/blast-bounty-2025-season-2-finals-the-mongolz-vs-aurora-bo3-BL3Rcvf733R8cy7TtLY5HE/the-mongolz-vs-aurora-m1-dust2.csv,8,62947,48.5,0,0.7342588901519775,0.7342591,0.0005143284797668,0.000513494,1,0.7464059591293335,0.26574110984802246,0.2535940408706665,xgboost,-0.012147068977355957
processed_full/blast_bounty_season_2_finals/blast-bounty-2025-season-2-finals-the-mongolz-vs-aurora-bo3-BL3Rcvf733R8cy7TtLY5HE/the-mongolz-vs-aurora-m1-dust2.csv,8,62979,49.0,0,0.7381545901298523,0.7381508,0.0038956999778747,0.0038916469,1,0.7464059591293335,0.2618454098701477,0.2535940408706665,xgboost,-0.008251368999481201
processed_full/blast_bounty_season_2_finals/blast-bounty-2025-season-2-finals-the-mongolz-vs-aurora-bo3-BL3Rcvf733R8cy7TtLY5HE/the-mongolz-vs-aurora-m1-dust2.csv,8,63011,49.5,0,0.726394772529602,0.72639877,-0.0117598176002502,-0.011752009,1,0.7466671466827393,0.27360522747039795,0.25333285331726074,xgboost,-0.020272374153137207
processed_full/blast_bounty_season_2_finals/blast-bounty-2025-season-2-finals-the-mongolz-vs-aurora-bo3-BL3Rcvf733R8cy7TtLY5HE/the-mongolz-vs-aurora-m1-dust2.csv,8,63043,50.0,0,0.713546872138977,0.713546,-0.012847900390625,-0.012852788,1,0.7466671466827393,0.28645312786102295,0.25333285331726074,xgboost,-0.03312027454376221
processed_full/blast_bounty_season_2_finals/blast-bounty-2025-season-2-finals-the-mongolz-vs-aurora-bo3-BL3Rcvf733R8cy7TtLY5HE/the-mongolz-vs-aurora-m1-dust2.csv,8,63075,50.5,0,0.7198081016540527,0.719801,0.0062612295150756,0.0062550306,1,0.7466671466827393,0.28019189834594727,0.25333285331726074,xgboost,-0.026859045028686523
processed_full/blast_bounty_season_2_finals/blast-bounty-2025-season-2-finals-the-mongolz-vs-aurora-bo3-BL3Rcvf733R8cy7TtLY5HE/the-mongolz-vs-aurora-m1-dust2.csv,8,63107,51.0,0,0.7099321484565735,0.7099368,-0.0098759531974792,-0.009864211,1,0.7466671466827393,0.2900678515434265,0.25333285331726074,xgboost,-0.03673499822616577
processed_full/blast_bounty_season_2_finals/blast-bounty-2025-season-2-finals-the-mongolz-vs-aurora-bo3-BL3Rcvf733R8cy7TtLY5HE/the-mongolz-vs-aurora-m1-dust2.csv,8,63139,51.5,0,0.7094480991363525,0.70944864,-0.0004840493202209,-0.00048816204,1,0.7466671466827393,0.29055190086364746,0.25333285331726074,xgboost,-0.03721904754638672
processed_full/blast_bounty_season_2_finals/blast-bounty-2025-season-2-finals-the-mongolz-vs-aurora-bo3-BL3Rcvf733R8cy7TtLY5HE/the-mongolz-vs-aurora-m1-dust2.csv,8,63171,52.0,0,0.719814121723175,0.71981376,0.0103660225868225,0.0103651285,1,0.7438284158706665,0.28018587827682495,0.2561715841293335,xgboost,-0.024014294147491455
processed_full/blast_bounty_season_2_finals/blast-bounty-2025-season-2-finals-the-mongolz-vs-aurora-bo3-BL3Rcvf733R8cy7TtLY5HE/the-mongolz-vs-aurora-m1-dust2.csv,8,63203,52.5,0,0.692132294178009,0.6921266,-0.027681827545166,-0.027687192,1,0.6272343397140503,0.30786770582199097,0.3727656602859497,lstm,0.06489795446395874
processed_full/blast_bounty_season_2_finals/blast-bounty-2025-season-2-finals-the-mongolz-vs-aurora-bo3-BL3Rcvf733R8cy7TtLY5HE/the-mongolz-vs-aurora-m1-dust2.csv,8,63235,53.0,0,0.655444860458374,0.65544593,-0.036687433719635,-0.03668064,1,0.6093400716781616,0.344555139541626,0.3906599283218384,lstm,0.0461047887802124
processed_full/blast_bounty_season_2_finals/blast-bounty-2025-season-2-finals-the-mongolz-vs-aurora-bo3-BL3Rcvf733R8cy7TtLY5HE/the-mongolz-vs-aurora-m1-dust2.csv,8,63267,53.5,0,0.6307744979858398,0.6307752,-0.0246703624725341,-0.02467072,1,0.604242742061615,0.36922550201416016,0.395757257938385,lstm,0.026531755924224854
processed_full/blast_bounty_season_2_finals/blast-bounty-2025-season-2-finals-the-mongolz-vs-aurora-bo3-BL3Rcvf733R8cy7TtLY5HE/the-mongolz-vs-aurora-m1-dust2.csv,8,63299,54.0,0,0.6193205118179321,0.6193149,-0.0114539861679077,-0.011460304,1,0.5703827142715454,0.38067948818206787,0.4296172857284546,lstm,0.04893779754638672
processed_full/blast_bounty_season_2_finals/blast-bounty-2025-season-2-finals-the-mongolz-vs-aurora-bo3-BL3Rcvf733R8cy7TtLY5HE/the-mongolz-vs-aurora-m1-dust2.csv,8,63331,54.5,0,0.5671034455299377,0.56710577,-0.0522170662879943,-0.05220914,1,0.5708117485046387,0.43289655447006226,0.42918825149536133,xgboost,-0.0037083029747009277
processed_full/blast_bounty_season_2_finals/blast-bounty-2025-season-2-finals-the-mongolz-vs-aurora-bo3-BL3Rcvf733R8cy7TtLY5HE/the-mongolz-vs-aurora-m1-dust2.csv,8,63363,55.0,0,0.5627918839454651,0.5628129,-0.0043115615844726,-0.0042928457,1,0.580083966255188,0.4372081160545349,0.419916033744812,xgboost,-0.0172920823097229
processed_full/blast_bounty_season_2_finals/blast-bounty-2025-season-2-finals-the-mongolz-vs-aurora-bo3-BL3Rcvf733R8cy7TtLY5HE/the-mongolz-vs-aurora-m1-dust2.csv,8,63395,55.5,0,0.7620421648025513,0.7620319,0.1992502808570861,0.19921899,1,0.7853028178215027,0.23795783519744873,0.21469718217849731,xgboost,-0.023260653018951416
processed_full/blast_bounty_season_2_finals/blast-bounty-2025-season-2-finals-the-mongolz-vs-aurora-bo3-BL3Rcvf733R8cy7TtLY5HE/the-mongolz-vs-aurora-m1-dust2.csv,8,63427,56.0,0,0.8333637118339539,0.8333574,0.0713215470314025,0.07132548,1,0.8077889680862427,0.16663628816604614,0.19221103191375732,lstm,0.02557474374771118
processed_full/blast_bounty_season_2_finals/blast-bounty-2025-season-2-finals-the-mongolz-vs-aurora-bo3-BL3Rcvf733R8cy7TtLY5HE/the-mongolz-vs-aurora-m1-dust2.csv,8,63459,56.5,0,0.8328410983085632,0.83284575,-0.0005226135253906,-0.00051164627,1,0.7861230969429016,0.16715890169143677,0.2138769030570984,lstm,0.04671800136566162
processed_full/blast_bounty_season_2_finals/blast-bounty-2025-season-2-finals-the-mongolz-vs-aurora-bo3-BL3Rcvf733R8cy7TtLY5HE/the-mongolz-vs-aurora-m1-dust2.csv,8,63491,57.0,0,0.9284038543701172,0.92840046,0.0955627560615539,0.09555471,1,0.9687627553939819,0.07159614562988281,0.031237244606018066,xgboost,-0.040358901023864746
processed_full/blast_bounty_season_2_finals/blast-bounty-2025-season-2-finals-the-mongolz-vs-aurora-bo3-BL3Rcvf733R8cy7TtLY5HE/the-mongolz-vs-aurora-m1-dust2.csv,8,63523,57.5,0,0.9394351243972778,0.9394337,0.0110312700271606,0.011033237,1,0.9687926769256592,0.06056487560272217,0.03120732307434082,xgboost,-0.029357552528381348
processed_full/blast_bounty_season_2_finals/blast-bounty-2025-season-2-finals-the-mongolz-vs-aurora-bo3-BL3Rcvf733R8cy7TtLY5HE/the-mongolz-vs-aurora-m1-dust2.csv,8,63555,58.0,0,0.9452489614486694,0.9452447,0.0058138370513916,0.0058110356,1,0.9671265482902527,0.054751038551330566,0.032873451709747314,xgboost,-0.021877586841583252
processed_full/blast_bounty_season_2_finals/blast-bounty-2025-season-2-finals-the-mongolz-vs-aurora-bo3-BL3Rcvf733R8cy7TtLY5HE/the-mongolz-vs-aurora-m1-dust2.csv,8,63587,58.5,0,0.8465858101844788,0.84659535,-0.0986631512641906,-0.09864938,1,0.8896433115005493,0.15341418981552124,0.11035668849945068,xgboost,-0.04305750131607056
processed_full/blast_bounty_season_2_finals/blast-bounty-2025-season-2-finals-the-mongolz-vs-aurora-bo3-BL3Rcvf733R8cy7TtLY5HE/the-mongolz-vs-aurora-m1-dust2.csv,8,63619,59.0,0,0.8759124875068665,0.87590945,0.0293266773223876,0.0293141,1,0.926264226436615,0.12408751249313354,0.07373577356338501,xgboost,-0.050351738929748535
processed_full/blast_bounty_season_2_finals/blast-bounty-2025-season-2-finals-the-mongolz-vs-aurora-bo3-BL3Rcvf733R8cy7TtLY5HE/the-mongolz-vs-aurora-m1-dust2.csv,8,63651,59.5,0,0.93791663646698,0.93791234,0.0620041489601135,0.062002897,1,0.9730157256126404,0.06208336353302002,0.02698427438735962,xgboost,-0.0350990891456604
processed_full/blast_bounty_season_2_finals/blast-bounty-2025-season-2-finals-the-mongolz-vs-aurora-bo3-BL3Rcvf733R8cy7TtLY5HE/the-mongolz-vs-aurora-m1-dust2.csv,8,63683,60.0,0,0.9321287870407104,0.9321325,-0.0057878494262695,-0.0057798624,1,0.975182294845581,0.06787121295928955,0.024817705154418945,xgboost,-0.043053507804870605
processed_full/blast_bounty_season_2_finals/blast-bounty-2025-season-2-finals-the-mongolz-vs-aurora-bo3-BL3Rcvf733R8cy7TtLY5HE/the-mongolz-vs-aurora-m1-dust2.csv,8,63715,60.5,0,0.9362661838531494,0.9362643,0.0041373968124389,0.004131794,1,0.9765496253967285,0.06373381614685059,0.023450374603271484,xgboost,-0.0402834415435791
processed_full/blast_bounty_season_2_finals/blast-bounty-2025-season-2-finals-the-mongolz-vs-aurora-bo3-BL3Rcvf733R8cy7TtLY5HE/the-mongolz-vs-aurora-m1-dust2.csv,8,63747,61.0,0,0.9492309093475342,0.94922936,0.0129647254943847,0.012965083,1,0.9769773483276367,0.05076909065246582,0.02302265167236328,xgboost,-0.02774643898010254
processed_full/blast_bounty_season_2_finals/blast-bounty-2025-season-2-finals-the-mongolz-vs-aurora-bo3-BL3Rcvf733R8cy7TtLY5HE/the-mongolz-vs-aurora-m1-dust2.csv,8,63779,61.5,0,0.9535845518112184,0.9535884,0.004353642463684,0.0043590665,1,0.976256251335144,0.04641544818878163,0.023743748664855957,xgboost,-0.02267169952392567
processed_full/blast_bounty_season_2_finals/blast-bounty-2025-season-2-finals-the-mongolz-vs-aurora-bo3-BL3Rcvf733R8cy7TtLY5HE/the-mongolz-vs-aurora-m1-dust2.csv,8,63811,62.0,0,0.953933596611023,0.9539335,0.0003490447998046,0.0003450513,1,0.9750575423240662,0.04606640338897705,0.024942457675933838,xgboost,-0.021123945713043213
processed_full/blast_bounty_season_2_finals/blast-bounty-2025-season-2-finals-the-mongolz-vs-aurora-bo3-BL3Rcvf733R8cy7TtLY5HE/the-mongolz-vs-aurora-m1-dust2.csv,8,63843,62.5,0,0.9525423645973206,0.9525412,-0.0013912320137023,-0.0013923049,1,0.977704644203186,0.04745763540267944,0.022295355796813965,xgboost,-0.02516227960586548
processed_full/blast_bounty_season_2_finals/blast-bounty-2025-season-2-finals-the-mongolz-vs-aurora-bo3-BL3Rcvf733R8cy7TtLY5HE/the-mongolz-vs-aurora-m1-dust2.csv,8,63875,63.0,0,0.9526987671852112,0.9527004,0.0001564025878906,0.000159204,1,0.9776518940925598,0.04730123281478882,0.022348105907440186,xgboost,-0.024953126907348633
processed_full/blast_bounty_season_2_finals/blast-bounty-2025-season-2-finals-the-mongolz-vs-aurora-bo3-BL3Rcvf733R8cy7TtLY5HE/the-mongolz-vs-aurora-m1-dust2.csv,8,63907,63.5,0,0.9572798609733582,0.9572821,0.0045810937881469,0.0045817494,1,0.9774879217147827,0.042720139026641846,0.022512078285217285,xgboost,-0.02020806074142456
processed_full/blast_bounty_season_2_finals/blast-bounty-2025-season-2-finals-the-mongolz-vs-aurora-bo3-BL3Rcvf733R8cy7TtLY5HE/the-mongolz-vs-aurora-m1-dust2.csv,8,63939,64.0,0,0.9575331211090088,0.95753324,0.0002532601356506,0.00025111437,1,0.9771900773048401,0.04246687889099121,0.022809922695159912,xgboost,-0.0196569561958313
processed_full/blast_bounty_season_2_finals/blast-bounty-2025-season-2-finals-the-mongolz-vs-aurora-bo3-BL3Rcvf733R8cy7TtLY5HE/the-mongolz-vs-aurora-m1-dust2.csv,8,63971,64.5,0,0.9630727171897888,0.9630728,0.00553959608078,0.0055395365,1,0.9790042638778687,0.03692728281021118,0.020995736122131348,xgboost,-0.015931546688079834
processed_full/blast_bounty_season_2_finals/blast-bounty-2025-season-2-finals-the-mongolz-vs-aurora-bo3-BL3Rcvf733R8cy7TtLY5HE/the-mongolz-vs-aurora-m1-dust2.csv,8,64003,65.0,0,0.9613682627677916,0.96137094,-0.001704454421997,-0.0017018318,1,0.9773080348968506,0.03863173723220836,0.022691965103149414,xgboost,-0.01593977212905895
processed_full/blast_bounty_season_2_finals/blast-bounty-2025-season-2-finals-the-mongolz-vs-aurora-bo3-BL3Rcvf733R8cy7TtLY5HE/the-mongolz-vs-aurora-m1-dust2.csv,8,64035,65.5,0,0.9590095281600952,0.95900965,-0.0023587346076965,-0.0023612976,1,0.9732568860054016,0.040990471839904785,0.02674311399459839,xgboost,-0.014247357845306396
processed_full/blast_bounty_season_2_finals/blast-bounty-2025-season-2-finals-the-mongolz-vs-aurora-bo3-BL3Rcvf733R8cy7TtLY5HE/the-mongolz-vs-aurora-m1-dust2.csv,8,64067,66.0,0,0.9625864624977112,0.96258336,0.0035769343376159,0.0035737157,1,0.985755980014801,0.03741353750228882,0.014244019985198975,xgboost,-0.023169517517089844
