csv_path,round_num,tick,seconds_in_round,bomb_planted,lstm_probability,ridge_probability,delta_from_prev,ridge_delta_from_prev
processed_full/fissure_playground_1/fissure-playground-1-3dmax-vs-lynn-vision-bo3-0ZNMTlQ0ZfadRgwA0Ax5fN/3dmax-vs-lynn-vision-m2-anubis.csv,14,125497,0.0,0,0.8729695677757263,0.8667319,0.0,0.0
processed_full/fissure_playground_1/fissure-playground-1-3dmax-vs-lynn-vision-bo3-0ZNMTlQ0ZfadRgwA0Ax5fN/3dmax-vs-lynn-vision-m2-anubis.csv,14,125529,0.5,0,0.8799870014190674,0.8775142,0.0070174336433410645,0.010782301
processed_full/fissure_playground_1/fissure-playground-1-3dmax-vs-lynn-vision-bo3-0ZNMTlQ0ZfadRgwA0Ax5fN/3dmax-vs-lynn-vision-m2-anubis.csv,14,125561,1.0,0,0.8657215237617493,0.86929244,-0.014265477657318115,-0.0082217455
processed_full/fissure_playground_1/fissure-playground-1-3dmax-vs-lynn-vision-bo3-0ZNMTlQ0ZfadRgwA0Ax5fN/3dmax-vs-lynn-vision-m2-anubis.csv,14,125593,1.5,0,0.8894792795181274,0.8901513,0.023757755756378174,0.020858884
processed_full/fissure_playground_1/fissure-playground-1-3dmax-vs-lynn-vision-bo3-0ZNMTlQ0ZfadRgwA0Ax5fN/3dmax-vs-lynn-vision-m2-anubis.csv,14,125625,2.0,0,0.9106860756874084,0.90852505,0.021206796169281006,0.018373728
processed_full/fissure_playground_1/fissure-playground-1-3dmax-vs-lynn-vision-bo3-0ZNMTlQ0ZfadRgwA0Ax5fN/3dmax-vs-lynn-vision-m2-anubis.csv,14,125657,2.5,0,0.9187948703765869,0.91674167,0.008108794689178467,0.0082166195
processed_full/fissure_playground_1/fissure-playground-1-3dmax-vs-lynn-vision-bo3-0ZNMTlQ0ZfadRgwA0Ax5fN/3dmax-vs-lynn-vision-m2-anubis.csv,14,125689,3.0,0,0.9042997360229492,0.9043064,-0.014495134353637695,-0.012435257
processed_full/fissure_playground_1/fissure-playground-1-3dmax-vs-lynn-vision-bo3-0ZNMTlQ0ZfadRgwA0Ax5fN/3dmax-vs-lynn-vision-m2-anubis.csv,14,125721,3.5,0,0.9044514298439026,0.9062758,0.00015169382095336914,0.001969397
processed_full/fissure_playground_1/fissure-playground-1-3dmax-vs-lynn-vision-bo3-0ZNMTlQ0ZfadRgwA0Ax5fN/3dmax-vs-lynn-vision-m2-anubis.csv,14,125753,4.0,0,0.9269403219223022,0.92714375,0.022488892078399658,0.020867944
processed_full/fissure_playground_1/fissure-playground-1-3dmax-vs-lynn-vision-bo3-0ZNMTlQ0ZfadRgwA0Ax5fN/3dmax-vs-lynn-vision-m2-anubis.csv,14,125785,4.5,0,0.9442731142044067,0.943045,0.017332792282104492,0.015901268
processed_full/fissure_playground_1/fissure-playground-1-3dmax-vs-lynn-vision-bo3-0ZNMTlQ0ZfadRgwA0Ax5fN/3dmax-vs-lynn-vision-m2-anubis.csv,14,125817,5.0,0,0.9491761326789856,0.9484285,0.004903018474578857,0.0053834915
processed_full/fissure_playground_1/fissure-playground-1-3dmax-vs-lynn-vision-bo3-0ZNMTlQ0ZfadRgwA0Ax5fN/3dmax-vs-lynn-vision-m2-anubis.csv,14,125849,5.5,0,0.9560302495956421,0.9557394,0.006854116916656494,0.0073108673
processed_full/fissure_playground_1/fissure-playground-1-3dmax-vs-lynn-vision-bo3-0ZNMTlQ0ZfadRgwA0Ax5fN/3dmax-vs-lynn-vision-m2-anubis.csv,14,125881,6.0,0,0.9524280428886414,0.95223194,-0.0036022067070007324,-0.0035074353
processed_full/fissure_playground_1/fissure-playground-1-3dmax-vs-lynn-vision-bo3-0ZNMTlQ0ZfadRgwA0Ax5fN/3dmax-vs-lynn-vision-m2-anubis.csv,14,125913,6.5,0,0.9524804949760437,0.9531884,5.245208740234375e-05,0.00095647573
processed_full/fissure_playground_1/fissure-playground-1-3dmax-vs-lynn-vision-bo3-0ZNMTlQ0ZfadRgwA0Ax5fN/3dmax-vs-lynn-vision-m2-anubis.csv,14,125945,7.0,0,0.9557685852050781,0.95308876,0.003288090229034424,-9.9658966e-05
processed_full/fissure_playground_1/fissure-playground-1-3dmax-vs-lynn-vision-bo3-0ZNMTlQ0ZfadRgwA0Ax5fN/3dmax-vs-lynn-vision-m2-anubis.csv,14,125977,7.5,0,0.9439401030540466,0.95232093,-0.011828482151031494,-0.00076782703
processed_full/fissure_playground_1/fissure-playground-1-3dmax-vs-lynn-vision-bo3-0ZNMTlQ0ZfadRgwA0Ax5fN/3dmax-vs-lynn-vision-m2-anubis.csv,14,126009,8.0,0,0.9478027820587158,0.94148904,0.0038626790046691895,-0.0108318925
processed_full/fissure_playground_1/fissure-playground-1-3dmax-vs-lynn-vision-bo3-0ZNMTlQ0ZfadRgwA0Ax5fN/3dmax-vs-lynn-vision-m2-anubis.csv,14,126041,8.5,0,0.9493247866630554,0.9500112,0.0015220046043395996,0.008522153
processed_full/fissure_playground_1/fissure-playground-1-3dmax-vs-lynn-vision-bo3-0ZNMTlQ0ZfadRgwA0Ax5fN/3dmax-vs-lynn-vision-m2-anubis.csv,14,126073,9.0,0,0.9507057070732117,0.94799656,0.00138092041015625,-0.002014637
processed_full/fissure_playground_1/fissure-playground-1-3dmax-vs-lynn-vision-bo3-0ZNMTlQ0ZfadRgwA0Ax5fN/3dmax-vs-lynn-vision-m2-anubis.csv,14,126105,9.5,0,0.9441296458244324,0.9476074,-0.006576061248779297,-0.00038915873
processed_full/fissure_playground_1/fissure-playground-1-3dmax-vs-lynn-vision-bo3-0ZNMTlQ0ZfadRgwA0Ax5fN/3dmax-vs-lynn-vision-m2-anubis.csv,14,126137,10.0,0,0.9454028606414795,0.9467297,0.0012732148170471191,-0.0008776784
processed_full/fissure_playground_1/fissure-playground-1-3dmax-vs-lynn-vision-bo3-0ZNMTlQ0ZfadRgwA0Ax5fN/3dmax-vs-lynn-vision-m2-anubis.csv,14,126169,10.5,0,0.9371089935302734,0.9345801,-0.008293867111206055,-0.012149632
processed_full/fissure_playground_1/fissure-playground-1-3dmax-vs-lynn-vision-bo3-0ZNMTlQ0ZfadRgwA0Ax5fN/3dmax-vs-lynn-vision-m2-anubis.csv,14,126201,11.0,0,0.9363599419593811,0.93753815,-0.000749051570892334,0.0029580593
processed_full/fissure_playground_1/fissure-playground-1-3dmax-vs-lynn-vision-bo3-0ZNMTlQ0ZfadRgwA0Ax5fN/3dmax-vs-lynn-vision-m2-anubis.csv,14,126233,11.5,0,0.9404292106628418,0.9382255,0.004069268703460693,0.00068736076
processed_full/fissure_playground_1/fissure-playground-1-3dmax-vs-lynn-vision-bo3-0ZNMTlQ0ZfadRgwA0Ax5fN/3dmax-vs-lynn-vision-m2-anubis.csv,14,126265,12.0,0,0.9372591376304626,0.9375477,-0.0031700730323791504,-0.000677824
processed_full/fissure_playground_1/fissure-playground-1-3dmax-vs-lynn-vision-bo3-0ZNMTlQ0ZfadRgwA0Ax5fN/3dmax-vs-lynn-vision-m2-anubis.csv,14,126297,12.5,0,0.9470444321632385,0.9419036,0.009785294532775879,0.0043559074
processed_full/fissure_playground_1/fissure-playground-1-3dmax-vs-lynn-vision-bo3-0ZNMTlQ0ZfadRgwA0Ax5fN/3dmax-vs-lynn-vision-m2-anubis.csv,14,126329,13.0,0,0.8768016695976257,0.8752951,-0.07024276256561279,-0.06660849
processed_full/fissure_playground_1/fissure-playground-1-3dmax-vs-lynn-vision-bo3-0ZNMTlQ0ZfadRgwA0Ax5fN/3dmax-vs-lynn-vision-m2-anubis.csv,14,126361,13.5,0,0.8326083421707153,0.8319049,-0.0441933274269104,-0.043390214
processed_full/fissure_playground_1/fissure-playground-1-3dmax-vs-lynn-vision-bo3-0ZNMTlQ0ZfadRgwA0Ax5fN/3dmax-vs-lynn-vision-m2-anubis.csv,14,126393,14.0,0,0.7694810032844543,0.7726068,-0.06312733888626099,-0.059298098
processed_full/fissure_playground_1/fissure-playground-1-3dmax-vs-lynn-vision-bo3-0ZNMTlQ0ZfadRgwA0Ax5fN/3dmax-vs-lynn-vision-m2-anubis.csv,14,126425,14.5,0,0.7585834860801697,0.76282066,-0.010897517204284668,-0.009786129
processed_full/fissure_playground_1/fissure-playground-1-3dmax-vs-lynn-vision-bo3-0ZNMTlQ0ZfadRgwA0Ax5fN/3dmax-vs-lynn-vision-m2-anubis.csv,14,126457,15.0,0,0.7570266127586365,0.75831896,-0.0015568733215332031,-0.0045017004
processed_full/fissure_playground_1/fissure-playground-1-3dmax-vs-lynn-vision-bo3-0ZNMTlQ0ZfadRgwA0Ax5fN/3dmax-vs-lynn-vision-m2-anubis.csv,14,126489,15.5,0,0.7660759091377258,0.7619692,0.009049296379089355,0.003650248
processed_full/fissure_playground_1/fissure-playground-1-3dmax-vs-lynn-vision-bo3-0ZNMTlQ0ZfadRgwA0Ax5fN/3dmax-vs-lynn-vision-m2-anubis.csv,14,126521,16.0,0,0.7414090037345886,0.74483055,-0.024666905403137207,-0.01713866
processed_full/fissure_playground_1/fissure-playground-1-3dmax-vs-lynn-vision-bo3-0ZNMTlQ0ZfadRgwA0Ax5fN/3dmax-vs-lynn-vision-m2-anubis.csv,14,126553,16.5,0,0.7376616597175598,0.7407692,-0.0037473440170288086,-0.0040613413
processed_full/fissure_playground_1/fissure-playground-1-3dmax-vs-lynn-vision-bo3-0ZNMTlQ0ZfadRgwA0Ax5fN/3dmax-vs-lynn-vision-m2-anubis.csv,14,126585,17.0,0,0.7328895926475525,0.7309036,-0.004772067070007324,-0.009865582
processed_full/fissure_playground_1/fissure-playground-1-3dmax-vs-lynn-vision-bo3-0ZNMTlQ0ZfadRgwA0Ax5fN/3dmax-vs-lynn-vision-m2-anubis.csv,14,126617,17.5,0,0.7405009269714355,0.73996323,0.007611334323883057,0.009059608
processed_full/fissure_playground_1/fissure-playground-1-3dmax-vs-lynn-vision-bo3-0ZNMTlQ0ZfadRgwA0Ax5fN/3dmax-vs-lynn-vision-m2-anubis.csv,14,126649,18.0,0,0.756813645362854,0.7543492,0.016312718391418457,0.014385939
processed_full/fissure_playground_1/fissure-playground-1-3dmax-vs-lynn-vision-bo3-0ZNMTlQ0ZfadRgwA0Ax5fN/3dmax-vs-lynn-vision-m2-anubis.csv,14,126681,18.5,0,0.7439982891082764,0.7426869,-0.012815356254577637,-0.011662245
processed_full/fissure_playground_1/fissure-playground-1-3dmax-vs-lynn-vision-bo3-0ZNMTlQ0ZfadRgwA0Ax5fN/3dmax-vs-lynn-vision-m2-anubis.csv,14,126713,19.0,0,0.7416533827781677,0.7398646,-0.0023449063301086426,-0.0028223395
processed_full/fissure_playground_1/fissure-playground-1-3dmax-vs-lynn-vision-bo3-0ZNMTlQ0ZfadRgwA0Ax5fN/3dmax-vs-lynn-vision-m2-anubis.csv,14,126745,19.5,0,0.7470410466194153,0.7443548,0.005387663841247559,0.0044901967
processed_full/fissure_playground_1/fissure-playground-1-3dmax-vs-lynn-vision-bo3-0ZNMTlQ0ZfadRgwA0Ax5fN/3dmax-vs-lynn-vision-m2-anubis.csv,14,126777,20.0,0,0.7089731693267822,0.7152571,-0.03806787729263306,-0.029097676
processed_full/fissure_playground_1/fissure-playground-1-3dmax-vs-lynn-vision-bo3-0ZNMTlQ0ZfadRgwA0Ax5fN/3dmax-vs-lynn-vision-m2-anubis.csv,14,126809,20.5,0,0.7057718634605408,0.7066272,-0.003201305866241455,-0.008629918
processed_full/fissure_playground_1/fissure-playground-1-3dmax-vs-lynn-vision-bo3-0ZNMTlQ0ZfadRgwA0Ax5fN/3dmax-vs-lynn-vision-m2-anubis.csv,14,126841,21.0,0,0.7137340903282166,0.71438175,0.007962226867675781,0.0077545643
processed_full/fissure_playground_1/fissure-playground-1-3dmax-vs-lynn-vision-bo3-0ZNMTlQ0ZfadRgwA0Ax5fN/3dmax-vs-lynn-vision-m2-anubis.csv,14,126873,21.5,0,0.7170470356941223,0.71680266,0.0033129453659057617,0.0024209023
processed_full/fissure_playground_1/fissure-playground-1-3dmax-vs-lynn-vision-bo3-0ZNMTlQ0ZfadRgwA0Ax5fN/3dmax-vs-lynn-vision-m2-anubis.csv,14,126905,22.0,0,0.7252364754676819,0.7215162,0.00818943977355957,0.0047135353
processed_full/fissure_playground_1/fissure-playground-1-3dmax-vs-lynn-vision-bo3-0ZNMTlQ0ZfadRgwA0Ax5fN/3dmax-vs-lynn-vision-m2-anubis.csv,14,126937,22.5,0,0.7029395699501038,0.70155877,-0.022296905517578125,-0.019957423
processed_full/fissure_playground_1/fissure-playground-1-3dmax-vs-lynn-vision-bo3-0ZNMTlQ0ZfadRgwA0Ax5fN/3dmax-vs-lynn-vision-m2-anubis.csv,14,126969,23.0,0,0.6693516969680786,0.6706253,-0.033587872982025146,-0.03093344
processed_full/fissure_playground_1/fissure-playground-1-3dmax-vs-lynn-vision-bo3-0ZNMTlQ0ZfadRgwA0Ax5fN/3dmax-vs-lynn-vision-m2-anubis.csv,14,127001,23.5,0,0.6576874852180481,0.65939486,-0.011664211750030518,-0.011230469
processed_full/fissure_playground_1/fissure-playground-1-3dmax-vs-lynn-vision-bo3-0ZNMTlQ0ZfadRgwA0Ax5fN/3dmax-vs-lynn-vision-m2-anubis.csv,14,127033,24.0,0,0.655052125453949,0.65389997,-0.002635359764099121,-0.0054948926
processed_full/fissure_playground_1/fissure-playground-1-3dmax-vs-lynn-vision-bo3-0ZNMTlQ0ZfadRgwA0Ax5fN/3dmax-vs-lynn-vision-m2-anubis.csv,14,127065,24.5,0,0.66121506690979,0.65267557,0.0061629414558410645,-0.0012243986
processed_full/fissure_playground_1/fissure-playground-1-3dmax-vs-lynn-vision-bo3-0ZNMTlQ0ZfadRgwA0Ax5fN/3dmax-vs-lynn-vision-m2-anubis.csv,14,127097,25.0,0,0.5246258974075317,0.5355611,-0.1365891695022583,-0.117114484
processed_full/fissure_playground_1/fissure-playground-1-3dmax-vs-lynn-vision-bo3-0ZNMTlQ0ZfadRgwA0Ax5fN/3dmax-vs-lynn-vision-m2-anubis.csv,14,127129,25.5,0,0.51799076795578,0.51832795,-0.006635129451751709,-0.017233133
processed_full/fissure_playground_1/fissure-playground-1-3dmax-vs-lynn-vision-bo3-0ZNMTlQ0ZfadRgwA0Ax5fN/3dmax-vs-lynn-vision-m2-anubis.csv,14,127161,26.0,0,0.510978639125824,0.5109336,-0.007012128829956055,-0.0073943734
processed_full/fissure_playground_1/fissure-playground-1-3dmax-vs-lynn-vision-bo3-0ZNMTlQ0ZfadRgwA0Ax5fN/3dmax-vs-lynn-vision-m2-anubis.csv,14,127193,26.5,0,0.5071359276771545,0.50788045,-0.0038427114486694336,-0.0030531287
processed_full/fissure_playground_1/fissure-playground-1-3dmax-vs-lynn-vision-bo3-0ZNMTlQ0ZfadRgwA0Ax5fN/3dmax-vs-lynn-vision-m2-anubis.csv,14,127225,27.0,0,0.49976295232772827,0.49920624,-0.0073729753494262695,-0.008674204
processed_full/fissure_playground_1/fissure-playground-1-3dmax-vs-lynn-vision-bo3-0ZNMTlQ0ZfadRgwA0Ax5fN/3dmax-vs-lynn-vision-m2-anubis.csv,14,127257,27.5,0,0.4902457594871521,0.49058822,-0.009517192840576172,-0.008618027
processed_full/fissure_playground_1/fissure-playground-1-3dmax-vs-lynn-vision-bo3-0ZNMTlQ0ZfadRgwA0Ax5fN/3dmax-vs-lynn-vision-m2-anubis.csv,14,127289,28.0,0,0.49603673815727234,0.4969719,0.005790978670120239,0.0063836873
processed_full/fissure_playground_1/fissure-playground-1-3dmax-vs-lynn-vision-bo3-0ZNMTlQ0ZfadRgwA0Ax5fN/3dmax-vs-lynn-vision-m2-anubis.csv,14,127321,28.5,0,0.4877515137195587,0.49017024,-0.008285224437713623,-0.006801665
processed_full/fissure_playground_1/fissure-playground-1-3dmax-vs-lynn-vision-bo3-0ZNMTlQ0ZfadRgwA0Ax5fN/3dmax-vs-lynn-vision-m2-anubis.csv,14,127353,29.0,0,0.4838199019432068,0.48091596,-0.003931611776351929,-0.009254277
processed_full/fissure_playground_1/fissure-playground-1-3dmax-vs-lynn-vision-bo3-0ZNMTlQ0ZfadRgwA0Ax5fN/3dmax-vs-lynn-vision-m2-anubis.csv,14,127385,29.5,0,0.4864799976348877,0.48669958,0.002660095691680908,0.0057836175
processed_full/fissure_playground_1/fissure-playground-1-3dmax-vs-lynn-vision-bo3-0ZNMTlQ0ZfadRgwA0Ax5fN/3dmax-vs-lynn-vision-m2-anubis.csv,14,127417,30.0,0,0.4970741868019104,0.50005287,0.010594189167022705,0.013353288
processed_full/fissure_playground_1/fissure-playground-1-3dmax-vs-lynn-vision-bo3-0ZNMTlQ0ZfadRgwA0Ax5fN/3dmax-vs-lynn-vision-m2-anubis.csv,14,127449,30.5,0,0.5178649425506592,0.526005,0.02079075574874878,0.02595216
processed_full/fissure_playground_1/fissure-playground-1-3dmax-vs-lynn-vision-bo3-0ZNMTlQ0ZfadRgwA0Ax5fN/3dmax-vs-lynn-vision-m2-anubis.csv,14,127481,31.0,0,0.6069734692573547,0.5947535,0.08910852670669556,0.068748474
processed_full/fissure_playground_1/fissure-playground-1-3dmax-vs-lynn-vision-bo3-0ZNMTlQ0ZfadRgwA0Ax5fN/3dmax-vs-lynn-vision-m2-anubis.csv,14,127513,31.5,0,0.5730905532836914,0.5730027,-0.03388291597366333,-0.021750808
processed_full/fissure_playground_1/fissure-playground-1-3dmax-vs-lynn-vision-bo3-0ZNMTlQ0ZfadRgwA0Ax5fN/3dmax-vs-lynn-vision-m2-anubis.csv,14,127545,32.0,0,0.5648027062416077,0.5676432,-0.00828784704208374,-0.005359471
processed_full/fissure_playground_1/fissure-playground-1-3dmax-vs-lynn-vision-bo3-0ZNMTlQ0ZfadRgwA0Ax5fN/3dmax-vs-lynn-vision-m2-anubis.csv,14,127577,32.5,0,0.5695429444313049,0.5671282,0.004740238189697266,-0.00051504374
processed_full/fissure_playground_1/fissure-playground-1-3dmax-vs-lynn-vision-bo3-0ZNMTlQ0ZfadRgwA0Ax5fN/3dmax-vs-lynn-vision-m2-anubis.csv,14,127609,33.0,0,0.5678977370262146,0.5702822,-0.001645207405090332,0.0031540394
processed_full/fissure_playground_1/fissure-playground-1-3dmax-vs-lynn-vision-bo3-0ZNMTlQ0ZfadRgwA0Ax5fN/3dmax-vs-lynn-vision-m2-anubis.csv,14,127641,33.5,0,0.5686509609222412,0.57189536,0.0007532238960266113,0.0016131401
processed_full/fissure_playground_1/fissure-playground-1-3dmax-vs-lynn-vision-bo3-0ZNMTlQ0ZfadRgwA0Ax5fN/3dmax-vs-lynn-vision-m2-anubis.csv,14,127673,34.0,0,0.5577844381332397,0.5647937,-0.010866522789001465,-0.007101655
processed_full/fissure_playground_1/fissure-playground-1-3dmax-vs-lynn-vision-bo3-0ZNMTlQ0ZfadRgwA0Ax5fN/3dmax-vs-lynn-vision-m2-anubis.csv,14,127705,34.5,0,0.6483291387557983,0.6261771,0.0905447006225586,0.061383367
processed_full/fissure_playground_1/fissure-playground-1-3dmax-vs-lynn-vision-bo3-0ZNMTlQ0ZfadRgwA0Ax5fN/3dmax-vs-lynn-vision-m2-anubis.csv,14,127737,35.0,0,0.5468788146972656,0.5435265,-0.10145032405853271,-0.0826506
processed_full/fissure_playground_1/fissure-playground-1-3dmax-vs-lynn-vision-bo3-0ZNMTlQ0ZfadRgwA0Ax5fN/3dmax-vs-lynn-vision-m2-anubis.csv,14,127769,35.5,0,0.3490029275417328,0.36617,-0.19787588715553284,-0.17735648
processed_full/fissure_playground_1/fissure-playground-1-3dmax-vs-lynn-vision-bo3-0ZNMTlQ0ZfadRgwA0Ax5fN/3dmax-vs-lynn-vision-m2-anubis.csv,14,127801,36.0,0,0.4026559591293335,0.39821422,0.05365303158760071,0.032044232
processed_full/fissure_playground_1/fissure-playground-1-3dmax-vs-lynn-vision-bo3-0ZNMTlQ0ZfadRgwA0Ax5fN/3dmax-vs-lynn-vision-m2-anubis.csv,14,127833,36.5,0,0.4016723930835724,0.40433833,-0.0009835660457611084,0.006124109
processed_full/fissure_playground_1/fissure-playground-1-3dmax-vs-lynn-vision-bo3-0ZNMTlQ0ZfadRgwA0Ax5fN/3dmax-vs-lynn-vision-m2-anubis.csv,14,127865,37.0,0,0.4056313931941986,0.4034021,0.003959000110626221,-0.00093623996
processed_full/fissure_playground_1/fissure-playground-1-3dmax-vs-lynn-vision-bo3-0ZNMTlQ0ZfadRgwA0Ax5fN/3dmax-vs-lynn-vision-m2-anubis.csv,14,127897,37.5,0,0.3943762183189392,0.39646727,-0.0112551748752594,-0.0069348216
processed_full/fissure_playground_1/fissure-playground-1-3dmax-vs-lynn-vision-bo3-0ZNMTlQ0ZfadRgwA0Ax5fN/3dmax-vs-lynn-vision-m2-anubis.csv,14,127929,38.0,0,0.4001222848892212,0.4029491,0.005746066570281982,0.0064818263
processed_full/fissure_playground_1/fissure-playground-1-3dmax-vs-lynn-vision-bo3-0ZNMTlQ0ZfadRgwA0Ax5fN/3dmax-vs-lynn-vision-m2-anubis.csv,14,127961,38.5,0,0.40473559498786926,0.40592894,0.004613310098648071,0.0029798448
processed_full/fissure_playground_1/fissure-playground-1-3dmax-vs-lynn-vision-bo3-0ZNMTlQ0ZfadRgwA0Ax5fN/3dmax-vs-lynn-vision-m2-anubis.csv,14,127993,39.0,0,0.40289363265037537,0.40301725,-0.0018419623374938965,-0.002911687
processed_full/fissure_playground_1/fissure-playground-1-3dmax-vs-lynn-vision-bo3-0ZNMTlQ0ZfadRgwA0Ax5fN/3dmax-vs-lynn-vision-m2-anubis.csv,14,128025,39.5,0,0.3762674927711487,0.38690442,-0.026626139879226685,-0.016112834
processed_full/fissure_playground_1/fissure-playground-1-3dmax-vs-lynn-vision-bo3-0ZNMTlQ0ZfadRgwA0Ax5fN/3dmax-vs-lynn-vision-m2-anubis.csv,14,128057,40.0,0,0.5143172144889832,0.5050212,0.13804972171783447,0.118116796
processed_full/fissure_playground_1/fissure-playground-1-3dmax-vs-lynn-vision-bo3-0ZNMTlQ0ZfadRgwA0Ax5fN/3dmax-vs-lynn-vision-m2-anubis.csv,14,128089,40.5,0,0.5108497738838196,0.510059,-0.0034674406051635742,0.0050377846
processed_full/fissure_playground_1/fissure-playground-1-3dmax-vs-lynn-vision-bo3-0ZNMTlQ0ZfadRgwA0Ax5fN/3dmax-vs-lynn-vision-m2-anubis.csv,14,128121,41.0,0,0.5131317377090454,0.51250696,0.00228196382522583,0.0024479628
processed_full/fissure_playground_1/fissure-playground-1-3dmax-vs-lynn-vision-bo3-0ZNMTlQ0ZfadRgwA0Ax5fN/3dmax-vs-lynn-vision-m2-anubis.csv,14,128153,41.5,0,0.5174650549888611,0.51561725,0.004333317279815674,0.0031102896
processed_full/fissure_playground_1/fissure-playground-1-3dmax-vs-lynn-vision-bo3-0ZNMTlQ0ZfadRgwA0Ax5fN/3dmax-vs-lynn-vision-m2-anubis.csv,14,128185,42.0,0,0.5195344090461731,0.52367765,0.0020693540573120117,0.008060396
processed_full/fissure_playground_1/fissure-playground-1-3dmax-vs-lynn-vision-bo3-0ZNMTlQ0ZfadRgwA0Ax5fN/3dmax-vs-lynn-vision-m2-anubis.csv,14,128217,42.5,0,0.5294708609580994,0.5288244,0.00993645191192627,0.005146742
processed_full/fissure_playground_1/fissure-playground-1-3dmax-vs-lynn-vision-bo3-0ZNMTlQ0ZfadRgwA0Ax5fN/3dmax-vs-lynn-vision-m2-anubis.csv,14,128249,43.0,0,0.5173360109329224,0.5169834,-0.012134850025177002,-0.011840999
processed_full/fissure_playground_1/fissure-playground-1-3dmax-vs-lynn-vision-bo3-0ZNMTlQ0ZfadRgwA0Ax5fN/3dmax-vs-lynn-vision-m2-anubis.csv,14,128281,43.5,0,0.5219734907150269,0.52038074,0.004637479782104492,0.0033973455
processed_full/fissure_playground_1/fissure-playground-1-3dmax-vs-lynn-vision-bo3-0ZNMTlQ0ZfadRgwA0Ax5fN/3dmax-vs-lynn-vision-m2-anubis.csv,14,128313,44.0,0,0.5191354751586914,0.52168065,-0.0028380155563354492,0.0012999177
processed_full/fissure_playground_1/fissure-playground-1-3dmax-vs-lynn-vision-bo3-0ZNMTlQ0ZfadRgwA0Ax5fN/3dmax-vs-lynn-vision-m2-anubis.csv,14,128345,44.5,0,0.5193538069725037,0.5218848,0.00021833181381225586,0.00020414591
processed_full/fissure_playground_1/fissure-playground-1-3dmax-vs-lynn-vision-bo3-0ZNMTlQ0ZfadRgwA0Ax5fN/3dmax-vs-lynn-vision-m2-anubis.csv,14,128377,45.0,0,0.5166812539100647,0.5141424,-0.002672553062438965,-0.007742405
processed_full/fissure_playground_1/fissure-playground-1-3dmax-vs-lynn-vision-bo3-0ZNMTlQ0ZfadRgwA0Ax5fN/3dmax-vs-lynn-vision-m2-anubis.csv,14,128409,45.5,0,0.520692765712738,0.51743996,0.00401151180267334,0.0032975674
processed_full/fissure_playground_1/fissure-playground-1-3dmax-vs-lynn-vision-bo3-0ZNMTlQ0ZfadRgwA0Ax5fN/3dmax-vs-lynn-vision-m2-anubis.csv,14,128441,46.0,0,0.5201776623725891,0.5183352,-0.0005151033401489258,0.00089526176
processed_full/fissure_playground_1/fissure-playground-1-3dmax-vs-lynn-vision-bo3-0ZNMTlQ0ZfadRgwA0Ax5fN/3dmax-vs-lynn-vision-m2-anubis.csv,14,128473,46.5,0,0.5206425189971924,0.5191866,0.0004648566246032715,0.00085139275
processed_full/fissure_playground_1/fissure-playground-1-3dmax-vs-lynn-vision-bo3-0ZNMTlQ0ZfadRgwA0Ax5fN/3dmax-vs-lynn-vision-m2-anubis.csv,14,128505,47.0,0,0.520478367805481,0.5233597,-0.00016415119171142578,0.0041731
processed_full/fissure_playground_1/fissure-playground-1-3dmax-vs-lynn-vision-bo3-0ZNMTlQ0ZfadRgwA0Ax5fN/3dmax-vs-lynn-vision-m2-anubis.csv,14,128537,47.5,0,0.5207806825637817,0.521626,0.00030231475830078125,-0.0017337203
processed_full/fissure_playground_1/fissure-playground-1-3dmax-vs-lynn-vision-bo3-0ZNMTlQ0ZfadRgwA0Ax5fN/3dmax-vs-lynn-vision-m2-anubis.csv,14,128569,48.0,0,0.5199382901191711,0.5191865,-0.0008423924446105957,-0.002439499
processed_full/fissure_playground_1/fissure-playground-1-3dmax-vs-lynn-vision-bo3-0ZNMTlQ0ZfadRgwA0Ax5fN/3dmax-vs-lynn-vision-m2-anubis.csv,14,128601,48.5,0,0.5215603113174438,0.52225965,0.001622021198272705,0.0030731559
processed_full/fissure_playground_1/fissure-playground-1-3dmax-vs-lynn-vision-bo3-0ZNMTlQ0ZfadRgwA0Ax5fN/3dmax-vs-lynn-vision-m2-anubis.csv,14,128633,49.0,0,0.519196093082428,0.52375567,-0.002364218235015869,0.001496017
processed_full/fissure_playground_1/fissure-playground-1-3dmax-vs-lynn-vision-bo3-0ZNMTlQ0ZfadRgwA0Ax5fN/3dmax-vs-lynn-vision-m2-anubis.csv,14,128665,49.5,0,0.5254265069961548,0.5184048,0.006230413913726807,-0.005350888
processed_full/fissure_playground_1/fissure-playground-1-3dmax-vs-lynn-vision-bo3-0ZNMTlQ0ZfadRgwA0Ax5fN/3dmax-vs-lynn-vision-m2-anubis.csv,14,128697,50.0,0,0.5251662135124207,0.5244482,-0.00026029348373413086,0.006043434
processed_full/fissure_playground_1/fissure-playground-1-3dmax-vs-lynn-vision-bo3-0ZNMTlQ0ZfadRgwA0Ax5fN/3dmax-vs-lynn-vision-m2-anubis.csv,14,128729,50.5,0,0.5434733629226685,0.54501665,0.018307149410247803,0.02056843
processed_full/fissure_playground_1/fissure-playground-1-3dmax-vs-lynn-vision-bo3-0ZNMTlQ0ZfadRgwA0Ax5fN/3dmax-vs-lynn-vision-m2-anubis.csv,14,128761,51.0,0,0.5420966744422913,0.5413933,-0.0013766884803771973,-0.0036233664
processed_full/fissure_playground_1/fissure-playground-1-3dmax-vs-lynn-vision-bo3-0ZNMTlQ0ZfadRgwA0Ax5fN/3dmax-vs-lynn-vision-m2-anubis.csv,14,128793,51.5,0,0.5448040962219238,0.5463167,0.0027074217796325684,0.0049234033
processed_full/fissure_playground_1/fissure-playground-1-3dmax-vs-lynn-vision-bo3-0ZNMTlQ0ZfadRgwA0Ax5fN/3dmax-vs-lynn-vision-m2-anubis.csv,14,128825,52.0,0,0.5469489097595215,0.5457944,0.0021448135375976562,-0.0005222559
processed_full/fissure_playground_1/fissure-playground-1-3dmax-vs-lynn-vision-bo3-0ZNMTlQ0ZfadRgwA0Ax5fN/3dmax-vs-lynn-vision-m2-anubis.csv,14,128857,52.5,0,0.5561554431915283,0.54979587,0.009206533432006836,0.0040014386
processed_full/fissure_playground_1/fissure-playground-1-3dmax-vs-lynn-vision-bo3-0ZNMTlQ0ZfadRgwA0Ax5fN/3dmax-vs-lynn-vision-m2-anubis.csv,14,128889,53.0,0,0.548804521560669,0.5525293,-0.007350921630859375,0.0027334094
processed_full/fissure_playground_1/fissure-playground-1-3dmax-vs-lynn-vision-bo3-0ZNMTlQ0ZfadRgwA0Ax5fN/3dmax-vs-lynn-vision-m2-anubis.csv,14,128921,53.5,0,0.5516483187675476,0.5499742,0.002843797206878662,-0.0025550723
processed_full/fissure_playground_1/fissure-playground-1-3dmax-vs-lynn-vision-bo3-0ZNMTlQ0ZfadRgwA0Ax5fN/3dmax-vs-lynn-vision-m2-anubis.csv,14,128953,54.0,0,0.5487616062164307,0.5481998,-0.0028867125511169434,-0.0017744303
processed_full/fissure_playground_1/fissure-playground-1-3dmax-vs-lynn-vision-bo3-0ZNMTlQ0ZfadRgwA0Ax5fN/3dmax-vs-lynn-vision-m2-anubis.csv,14,128985,54.5,0,0.5561745166778564,0.5525067,0.007412910461425781,0.0043069124
processed_full/fissure_playground_1/fissure-playground-1-3dmax-vs-lynn-vision-bo3-0ZNMTlQ0ZfadRgwA0Ax5fN/3dmax-vs-lynn-vision-m2-anubis.csv,14,129017,55.0,0,0.5549455285072327,0.55800277,-0.0012289881706237793,0.0054960847
processed_full/fissure_playground_1/fissure-playground-1-3dmax-vs-lynn-vision-bo3-0ZNMTlQ0ZfadRgwA0Ax5fN/3dmax-vs-lynn-vision-m2-anubis.csv,14,129049,55.5,0,0.5571480989456177,0.5606725,0.0022025704383850098,0.0026697516
processed_full/fissure_playground_1/fissure-playground-1-3dmax-vs-lynn-vision-bo3-0ZNMTlQ0ZfadRgwA0Ax5fN/3dmax-vs-lynn-vision-m2-anubis.csv,14,129081,56.0,0,0.5836484432220459,0.5808737,0.026500344276428223,0.020201206
processed_full/fissure_playground_1/fissure-playground-1-3dmax-vs-lynn-vision-bo3-0ZNMTlQ0ZfadRgwA0Ax5fN/3dmax-vs-lynn-vision-m2-anubis.csv,14,129113,56.5,0,0.5779728293418884,0.58386415,-0.005675613880157471,0.0029904246
processed_full/fissure_playground_1/fissure-playground-1-3dmax-vs-lynn-vision-bo3-0ZNMTlQ0ZfadRgwA0Ax5fN/3dmax-vs-lynn-vision-m2-anubis.csv,14,129145,57.0,0,0.5864769816398621,0.58375037,0.008504152297973633,-0.00011378527
processed_full/fissure_playground_1/fissure-playground-1-3dmax-vs-lynn-vision-bo3-0ZNMTlQ0ZfadRgwA0Ax5fN/3dmax-vs-lynn-vision-m2-anubis.csv,14,129177,57.5,0,0.5781148672103882,0.585876,-0.008362114429473877,0.0021256208
processed_full/fissure_playground_1/fissure-playground-1-3dmax-vs-lynn-vision-bo3-0ZNMTlQ0ZfadRgwA0Ax5fN/3dmax-vs-lynn-vision-m2-anubis.csv,14,129209,58.0,0,0.5823509693145752,0.59752494,0.004236102104187012,0.011648953
processed_full/fissure_playground_1/fissure-playground-1-3dmax-vs-lynn-vision-bo3-0ZNMTlQ0ZfadRgwA0Ax5fN/3dmax-vs-lynn-vision-m2-anubis.csv,14,129241,58.5,0,0.5910906195640564,0.6160548,0.008739650249481201,0.018529832
processed_full/fissure_playground_1/fissure-playground-1-3dmax-vs-lynn-vision-bo3-0ZNMTlQ0ZfadRgwA0Ax5fN/3dmax-vs-lynn-vision-m2-anubis.csv,14,129273,59.0,0,0.7726823091506958,0.74503154,0.1815916895866394,0.12897676
processed_full/fissure_playground_1/fissure-playground-1-3dmax-vs-lynn-vision-bo3-0ZNMTlQ0ZfadRgwA0Ax5fN/3dmax-vs-lynn-vision-m2-anubis.csv,14,129305,59.5,0,0.7740767598152161,0.7520125,0.0013944506645202637,0.0069809556
processed_full/fissure_playground_1/fissure-playground-1-3dmax-vs-lynn-vision-bo3-0ZNMTlQ0ZfadRgwA0Ax5fN/3dmax-vs-lynn-vision-m2-anubis.csv,14,129337,60.0,0,0.7892441749572754,0.7883629,0.015167415142059326,0.03635043
processed_full/fissure_playground_1/fissure-playground-1-3dmax-vs-lynn-vision-bo3-0ZNMTlQ0ZfadRgwA0Ax5fN/3dmax-vs-lynn-vision-m2-anubis.csv,14,129369,60.5,0,0.7859733700752258,0.7914617,-0.0032708048820495605,0.0030987859
processed_full/fissure_playground_1/fissure-playground-1-3dmax-vs-lynn-vision-bo3-0ZNMTlQ0ZfadRgwA0Ax5fN/3dmax-vs-lynn-vision-m2-anubis.csv,14,129401,61.0,0,0.7922875881195068,0.7939272,0.006314218044281006,0.0024654865
processed_full/fissure_playground_1/fissure-playground-1-3dmax-vs-lynn-vision-bo3-0ZNMTlQ0ZfadRgwA0Ax5fN/3dmax-vs-lynn-vision-m2-anubis.csv,14,129433,61.5,0,0.8014531135559082,0.7962806,0.009165525436401367,0.0023534298
processed_full/fissure_playground_1/fissure-playground-1-3dmax-vs-lynn-vision-bo3-0ZNMTlQ0ZfadRgwA0Ax5fN/3dmax-vs-lynn-vision-m2-anubis.csv,14,129465,62.0,0,0.7304314374923706,0.7290573,-0.0710216760635376,-0.06722331
processed_full/fissure_playground_1/fissure-playground-1-3dmax-vs-lynn-vision-bo3-0ZNMTlQ0ZfadRgwA0Ax5fN/3dmax-vs-lynn-vision-m2-anubis.csv,14,129497,62.5,0,0.7742434740066528,0.7725882,0.04381203651428223,0.04353088
processed_full/fissure_playground_1/fissure-playground-1-3dmax-vs-lynn-vision-bo3-0ZNMTlQ0ZfadRgwA0Ax5fN/3dmax-vs-lynn-vision-m2-anubis.csv,14,129529,63.0,0,0.7665968537330627,0.76311827,-0.007646620273590088,-0.009469926
processed_full/fissure_playground_1/fissure-playground-1-3dmax-vs-lynn-vision-bo3-0ZNMTlQ0ZfadRgwA0Ax5fN/3dmax-vs-lynn-vision-m2-anubis.csv,14,129561,63.5,0,0.7500166296958923,0.74525195,-0.01658022403717041,-0.017866313
processed_full/fissure_playground_1/fissure-playground-1-3dmax-vs-lynn-vision-bo3-0ZNMTlQ0ZfadRgwA0Ax5fN/3dmax-vs-lynn-vision-m2-anubis.csv,14,129593,64.0,0,0.4297563135623932,0.43510848,-0.32026031613349915,-0.31014347
processed_full/fissure_playground_1/fissure-playground-1-3dmax-vs-lynn-vision-bo3-0ZNMTlQ0ZfadRgwA0Ax5fN/3dmax-vs-lynn-vision-m2-anubis.csv,14,129625,64.5,0,0.3353995978832245,0.34136844,-0.0943567156791687,-0.093740046
processed_full/fissure_playground_1/fissure-playground-1-3dmax-vs-lynn-vision-bo3-0ZNMTlQ0ZfadRgwA0Ax5fN/3dmax-vs-lynn-vision-m2-anubis.csv,14,129657,65.0,0,0.39776185154914856,0.39913836,0.06236225366592407,0.057769924
processed_full/fissure_playground_1/fissure-playground-1-3dmax-vs-lynn-vision-bo3-0ZNMTlQ0ZfadRgwA0Ax5fN/3dmax-vs-lynn-vision-m2-anubis.csv,14,129689,65.5,0,0.3498999774456024,0.3553136,-0.04786187410354614,-0.043824762
processed_full/fissure_playground_1/fissure-playground-1-3dmax-vs-lynn-vision-bo3-0ZNMTlQ0ZfadRgwA0Ax5fN/3dmax-vs-lynn-vision-m2-anubis.csv,14,129721,66.0,0,0.6275717616081238,0.62463915,0.27767178416252136,0.26932555
processed_full/fissure_playground_1/fissure-playground-1-3dmax-vs-lynn-vision-bo3-0ZNMTlQ0ZfadRgwA0Ax5fN/3dmax-vs-lynn-vision-m2-anubis.csv,14,129753,66.5,0,0.5952528715133667,0.592067,-0.03231889009475708,-0.03257215
processed_full/fissure_playground_1/fissure-playground-1-3dmax-vs-lynn-vision-bo3-0ZNMTlQ0ZfadRgwA0Ax5fN/3dmax-vs-lynn-vision-m2-anubis.csv,14,129785,67.0,0,0.6225403547286987,0.6190471,0.02728748321533203,0.026980102
processed_full/fissure_playground_1/fissure-playground-1-3dmax-vs-lynn-vision-bo3-0ZNMTlQ0ZfadRgwA0Ax5fN/3dmax-vs-lynn-vision-m2-anubis.csv,14,129817,67.5,0,0.611790657043457,0.60903335,-0.0107496976852417,-0.010013759
processed_full/fissure_playground_1/fissure-playground-1-3dmax-vs-lynn-vision-bo3-0ZNMTlQ0ZfadRgwA0Ax5fN/3dmax-vs-lynn-vision-m2-anubis.csv,14,129849,68.0,0,0.6358845829963684,0.63433546,0.024093925952911377,0.025302112
processed_full/fissure_playground_1/fissure-playground-1-3dmax-vs-lynn-vision-bo3-0ZNMTlQ0ZfadRgwA0Ax5fN/3dmax-vs-lynn-vision-m2-anubis.csv,14,129881,68.5,0,0.6265711188316345,0.62885463,-0.009313464164733887,-0.005480826
processed_full/fissure_playground_1/fissure-playground-1-3dmax-vs-lynn-vision-bo3-0ZNMTlQ0ZfadRgwA0Ax5fN/3dmax-vs-lynn-vision-m2-anubis.csv,14,129913,69.0,0,0.5932806134223938,0.59615386,-0.03329050540924072,-0.032700777
processed_full/fissure_playground_1/fissure-playground-1-3dmax-vs-lynn-vision-bo3-0ZNMTlQ0ZfadRgwA0Ax5fN/3dmax-vs-lynn-vision-m2-anubis.csv,14,129945,69.5,0,0.5912022590637207,0.59347725,-0.0020783543586730957,-0.0026766062
processed_full/fissure_playground_1/fissure-playground-1-3dmax-vs-lynn-vision-bo3-0ZNMTlQ0ZfadRgwA0Ax5fN/3dmax-vs-lynn-vision-m2-anubis.csv,14,129977,70.0,0,0.5827885270118713,0.58623254,-0.008413732051849365,-0.007244706
processed_full/fissure_playground_1/fissure-playground-1-3dmax-vs-lynn-vision-bo3-0ZNMTlQ0ZfadRgwA0Ax5fN/3dmax-vs-lynn-vision-m2-anubis.csv,14,130009,70.5,0,0.5746074318885803,0.5718707,-0.008181095123291016,-0.014361858
processed_full/fissure_playground_1/fissure-playground-1-3dmax-vs-lynn-vision-bo3-0ZNMTlQ0ZfadRgwA0Ax5fN/3dmax-vs-lynn-vision-m2-anubis.csv,14,130041,71.0,0,0.5323442220687866,0.5301051,-0.0422632098197937,-0.04176557
processed_full/fissure_playground_1/fissure-playground-1-3dmax-vs-lynn-vision-bo3-0ZNMTlQ0ZfadRgwA0Ax5fN/3dmax-vs-lynn-vision-m2-anubis.csv,14,130073,71.5,0,0.517690122127533,0.5205459,-0.014654099941253662,-0.009559214
processed_full/fissure_playground_1/fissure-playground-1-3dmax-vs-lynn-vision-bo3-0ZNMTlQ0ZfadRgwA0Ax5fN/3dmax-vs-lynn-vision-m2-anubis.csv,14,130105,72.0,0,0.5272397994995117,0.53203684,0.00954967737197876,0.011490941
processed_full/fissure_playground_1/fissure-playground-1-3dmax-vs-lynn-vision-bo3-0ZNMTlQ0ZfadRgwA0Ax5fN/3dmax-vs-lynn-vision-m2-anubis.csv,14,130137,72.5,0,0.5605860352516174,0.5656481,0.03334623575210571,0.033611238
processed_full/fissure_playground_1/fissure-playground-1-3dmax-vs-lynn-vision-bo3-0ZNMTlQ0ZfadRgwA0Ax5fN/3dmax-vs-lynn-vision-m2-anubis.csv,14,130169,73.0,0,0.6050447225570679,0.6022457,0.04445868730545044,0.03659761
processed_full/fissure_playground_1/fissure-playground-1-3dmax-vs-lynn-vision-bo3-0ZNMTlQ0ZfadRgwA0Ax5fN/3dmax-vs-lynn-vision-m2-anubis.csv,14,130201,73.5,0,0.6273564696311951,0.6234978,0.022311747074127197,0.021252096
processed_full/fissure_playground_1/fissure-playground-1-3dmax-vs-lynn-vision-bo3-0ZNMTlQ0ZfadRgwA0Ax5fN/3dmax-vs-lynn-vision-m2-anubis.csv,14,130233,74.0,0,0.6257259845733643,0.6226592,-0.0016304850578308105,-0.00083857775
processed_full/fissure_playground_1/fissure-playground-1-3dmax-vs-lynn-vision-bo3-0ZNMTlQ0ZfadRgwA0Ax5fN/3dmax-vs-lynn-vision-m2-anubis.csv,14,130265,74.5,0,0.627268373966217,0.6149417,0.0015423893928527832,-0.00771749
processed_full/fissure_playground_1/fissure-playground-1-3dmax-vs-lynn-vision-bo3-0ZNMTlQ0ZfadRgwA0Ax5fN/3dmax-vs-lynn-vision-m2-anubis.csv,14,130297,75.0,0,0.6248477101325989,0.6289004,-0.002420663833618164,0.013958693
processed_full/fissure_playground_1/fissure-playground-1-3dmax-vs-lynn-vision-bo3-0ZNMTlQ0ZfadRgwA0Ax5fN/3dmax-vs-lynn-vision-m2-anubis.csv,14,130329,75.5,0,0.6165739893913269,0.6169916,-0.008273720741271973,-0.011908829
processed_full/fissure_playground_1/fissure-playground-1-3dmax-vs-lynn-vision-bo3-0ZNMTlQ0ZfadRgwA0Ax5fN/3dmax-vs-lynn-vision-m2-anubis.csv,14,130361,76.0,0,0.6211893558502197,0.617772,0.004615366458892822,0.0007804036
processed_full/fissure_playground_1/fissure-playground-1-3dmax-vs-lynn-vision-bo3-0ZNMTlQ0ZfadRgwA0Ax5fN/3dmax-vs-lynn-vision-m2-anubis.csv,14,130393,76.5,0,0.6216202974319458,0.6140764,0.0004309415817260742,-0.0036956072
processed_full/fissure_playground_1/fissure-playground-1-3dmax-vs-lynn-vision-bo3-0ZNMTlQ0ZfadRgwA0Ax5fN/3dmax-vs-lynn-vision-m2-anubis.csv,14,130425,77.0,0,0.613823413848877,0.6054056,-0.007796883583068848,-0.008670747
processed_full/fissure_playground_1/fissure-playground-1-3dmax-vs-lynn-vision-bo3-0ZNMTlQ0ZfadRgwA0Ax5fN/3dmax-vs-lynn-vision-m2-anubis.csv,14,130457,77.5,0,0.5808548927307129,0.5877916,-0.03296852111816406,-0.017614007
processed_full/fissure_playground_1/fissure-playground-1-3dmax-vs-lynn-vision-bo3-0ZNMTlQ0ZfadRgwA0Ax5fN/3dmax-vs-lynn-vision-m2-anubis.csv,14,130489,78.0,0,0.5864576697349548,0.5779515,0.005602777004241943,-0.009840131
processed_full/fissure_playground_1/fissure-playground-1-3dmax-vs-lynn-vision-bo3-0ZNMTlQ0ZfadRgwA0Ax5fN/3dmax-vs-lynn-vision-m2-anubis.csv,14,130521,78.5,0,0.5530261993408203,0.5593821,-0.03343147039413452,-0.01856941
processed_full/fissure_playground_1/fissure-playground-1-3dmax-vs-lynn-vision-bo3-0ZNMTlQ0ZfadRgwA0Ax5fN/3dmax-vs-lynn-vision-m2-anubis.csv,14,130553,79.0,0,0.5354945659637451,0.5525388,-0.017531633377075195,-0.006843269
processed_full/fissure_playground_1/fissure-playground-1-3dmax-vs-lynn-vision-bo3-0ZNMTlQ0ZfadRgwA0Ax5fN/3dmax-vs-lynn-vision-m2-anubis.csv,14,130585,79.5,0,0.619190514087677,0.6075664,0.08369594812393188,0.055027604
processed_full/fissure_playground_1/fissure-playground-1-3dmax-vs-lynn-vision-bo3-0ZNMTlQ0ZfadRgwA0Ax5fN/3dmax-vs-lynn-vision-m2-anubis.csv,14,130617,80.0,0,0.6066820025444031,0.60738885,-0.012508511543273926,-0.00017756224
processed_full/fissure_playground_1/fissure-playground-1-3dmax-vs-lynn-vision-bo3-0ZNMTlQ0ZfadRgwA0Ax5fN/3dmax-vs-lynn-vision-m2-anubis.csv,14,130649,80.5,0,0.622134804725647,0.61776865,0.015452802181243896,0.010379791
processed_full/fissure_playground_1/fissure-playground-1-3dmax-vs-lynn-vision-bo3-0ZNMTlQ0ZfadRgwA0Ax5fN/3dmax-vs-lynn-vision-m2-anubis.csv,14,130681,81.0,0,0.5746623873710632,0.5828352,-0.04747241735458374,-0.034933448
processed_full/fissure_playground_1/fissure-playground-1-3dmax-vs-lynn-vision-bo3-0ZNMTlQ0ZfadRgwA0Ax5fN/3dmax-vs-lynn-vision-m2-anubis.csv,14,130713,81.5,0,0.5940780639648438,0.5848786,0.019415676593780518,0.002043426
processed_full/fissure_playground_1/fissure-playground-1-3dmax-vs-lynn-vision-bo3-0ZNMTlQ0ZfadRgwA0Ax5fN/3dmax-vs-lynn-vision-m2-anubis.csv,14,130745,82.0,1,0.5576750040054321,0.5586407,-0.03640305995941162,-0.026237905
processed_full/fissure_playground_1/fissure-playground-1-3dmax-vs-lynn-vision-bo3-0ZNMTlQ0ZfadRgwA0Ax5fN/3dmax-vs-lynn-vision-m2-anubis.csv,14,130777,82.5,1,0.5239318609237671,0.5252352,-0.03374314308166504,-0.033405542
processed_full/fissure_playground_1/fissure-playground-1-3dmax-vs-lynn-vision-bo3-0ZNMTlQ0ZfadRgwA0Ax5fN/3dmax-vs-lynn-vision-m2-anubis.csv,14,130809,83.0,1,0.4896891415119171,0.4894908,-0.034242719411849976,-0.03574437
processed_full/fissure_playground_1/fissure-playground-1-3dmax-vs-lynn-vision-bo3-0ZNMTlQ0ZfadRgwA0Ax5fN/3dmax-vs-lynn-vision-m2-anubis.csv,14,130841,83.5,1,0.44321486353874207,0.4506753,-0.04647427797317505,-0.0388155
processed_full/fissure_playground_1/fissure-playground-1-3dmax-vs-lynn-vision-bo3-0ZNMTlQ0ZfadRgwA0Ax5fN/3dmax-vs-lynn-vision-m2-anubis.csv,14,130873,84.0,1,0.48369672894477844,0.4745505,0.04048186540603638,0.023875177
processed_full/fissure_playground_1/fissure-playground-1-3dmax-vs-lynn-vision-bo3-0ZNMTlQ0ZfadRgwA0Ax5fN/3dmax-vs-lynn-vision-m2-anubis.csv,14,130905,84.5,1,0.45245325565338135,0.45369518,-0.031243473291397095,-0.020855308
processed_full/fissure_playground_1/fissure-playground-1-3dmax-vs-lynn-vision-bo3-0ZNMTlQ0ZfadRgwA0Ax5fN/3dmax-vs-lynn-vision-m2-anubis.csv,14,130937,85.0,1,0.438943088054657,0.44074857,-0.013510167598724365,-0.012946606
processed_full/fissure_playground_1/fissure-playground-1-3dmax-vs-lynn-vision-bo3-0ZNMTlQ0ZfadRgwA0Ax5fN/3dmax-vs-lynn-vision-m2-anubis.csv,14,130969,85.5,1,0.42506179213523865,0.4308607,-0.013881295919418335,-0.009887874
processed_full/fissure_playground_1/fissure-playground-1-3dmax-vs-lynn-vision-bo3-0ZNMTlQ0ZfadRgwA0Ax5fN/3dmax-vs-lynn-vision-m2-anubis.csv,14,131001,86.0,1,0.4223524034023285,0.4213656,-0.0027093887329101562,-0.009495109
processed_full/fissure_playground_1/fissure-playground-1-3dmax-vs-lynn-vision-bo3-0ZNMTlQ0ZfadRgwA0Ax5fN/3dmax-vs-lynn-vision-m2-anubis.csv,14,131033,86.5,1,0.42872488498687744,0.4300378,0.00637248158454895,0.008672208
processed_full/fissure_playground_1/fissure-playground-1-3dmax-vs-lynn-vision-bo3-0ZNMTlQ0ZfadRgwA0Ax5fN/3dmax-vs-lynn-vision-m2-anubis.csv,14,131065,87.0,1,0.40929195284843445,0.42170012,-0.019432932138442993,-0.0083376765
processed_full/fissure_playground_1/fissure-playground-1-3dmax-vs-lynn-vision-bo3-0ZNMTlQ0ZfadRgwA0Ax5fN/3dmax-vs-lynn-vision-m2-anubis.csv,14,131097,87.5,1,0.5242159962654114,0.49837965,0.11492404341697693,0.07667953
processed_full/fissure_playground_1/fissure-playground-1-3dmax-vs-lynn-vision-bo3-0ZNMTlQ0ZfadRgwA0Ax5fN/3dmax-vs-lynn-vision-m2-anubis.csv,14,131129,88.0,1,0.37890884280204773,0.3895416,-0.14530715346336365,-0.10883805
processed_full/fissure_playground_1/fissure-playground-1-3dmax-vs-lynn-vision-bo3-0ZNMTlQ0ZfadRgwA0Ax5fN/3dmax-vs-lynn-vision-m2-anubis.csv,14,131161,88.5,1,0.3996257185935974,0.39573193,0.020716875791549683,0.00619033
processed_full/fissure_playground_1/fissure-playground-1-3dmax-vs-lynn-vision-bo3-0ZNMTlQ0ZfadRgwA0Ax5fN/3dmax-vs-lynn-vision-m2-anubis.csv,14,131193,89.0,1,0.36330947279930115,0.3650031,-0.036316245794296265,-0.030728817
processed_full/fissure_playground_1/fissure-playground-1-3dmax-vs-lynn-vision-bo3-0ZNMTlQ0ZfadRgwA0Ax5fN/3dmax-vs-lynn-vision-m2-anubis.csv,14,131225,89.5,1,0.3321453928947449,0.3387347,-0.031164079904556274,-0.026268423
processed_full/fissure_playground_1/fissure-playground-1-3dmax-vs-lynn-vision-bo3-0ZNMTlQ0ZfadRgwA0Ax5fN/3dmax-vs-lynn-vision-m2-anubis.csv,14,131257,90.0,1,0.31555941700935364,0.3258626,-0.016585975885391235,-0.0128721
processed_full/fissure_playground_1/fissure-playground-1-3dmax-vs-lynn-vision-bo3-0ZNMTlQ0ZfadRgwA0Ax5fN/3dmax-vs-lynn-vision-m2-anubis.csv,14,131289,90.5,1,0.33364638686180115,0.3393571,0.01808696985244751,0.013494521
processed_full/fissure_playground_1/fissure-playground-1-3dmax-vs-lynn-vision-bo3-0ZNMTlQ0ZfadRgwA0Ax5fN/3dmax-vs-lynn-vision-m2-anubis.csv,14,131321,91.0,1,0.35337862372398376,0.3605787,0.019732236862182617,0.021221578
processed_full/fissure_playground_1/fissure-playground-1-3dmax-vs-lynn-vision-bo3-0ZNMTlQ0ZfadRgwA0Ax5fN/3dmax-vs-lynn-vision-m2-anubis.csv,14,131353,91.5,1,0.3441999852657318,0.3538779,-0.009178638458251953,-0.006700784
processed_full/fissure_playground_1/fissure-playground-1-3dmax-vs-lynn-vision-bo3-0ZNMTlQ0ZfadRgwA0Ax5fN/3dmax-vs-lynn-vision-m2-anubis.csv,14,131385,92.0,1,0.446461021900177,0.44220382,0.10226103663444519,0.08832592
processed_full/fissure_playground_1/fissure-playground-1-3dmax-vs-lynn-vision-bo3-0ZNMTlQ0ZfadRgwA0Ax5fN/3dmax-vs-lynn-vision-m2-anubis.csv,14,131417,92.5,1,0.4362810552120209,0.4419648,-0.010179966688156128,-0.00023901463
processed_full/fissure_playground_1/fissure-playground-1-3dmax-vs-lynn-vision-bo3-0ZNMTlQ0ZfadRgwA0Ax5fN/3dmax-vs-lynn-vision-m2-anubis.csv,14,131449,93.0,1,0.4881848990917206,0.4910306,0.05190384387969971,0.0490658
processed_full/fissure_playground_1/fissure-playground-1-3dmax-vs-lynn-vision-bo3-0ZNMTlQ0ZfadRgwA0Ax5fN/3dmax-vs-lynn-vision-m2-anubis.csv,14,131481,93.5,1,0.5269731879234314,0.5264911,0.038788288831710815,0.035460502
processed_full/fissure_playground_1/fissure-playground-1-3dmax-vs-lynn-vision-bo3-0ZNMTlQ0ZfadRgwA0Ax5fN/3dmax-vs-lynn-vision-m2-anubis.csv,14,131513,94.0,1,0.558655858039856,0.5593963,0.03168267011642456,0.03290522
processed_full/fissure_playground_1/fissure-playground-1-3dmax-vs-lynn-vision-bo3-0ZNMTlQ0ZfadRgwA0Ax5fN/3dmax-vs-lynn-vision-m2-anubis.csv,14,131545,94.5,1,0.5837392807006836,0.58002806,0.025083422660827637,0.02063173
processed_full/fissure_playground_1/fissure-playground-1-3dmax-vs-lynn-vision-bo3-0ZNMTlQ0ZfadRgwA0Ax5fN/3dmax-vs-lynn-vision-m2-anubis.csv,14,131577,95.0,1,0.5924649238586426,0.5874508,0.008725643157958984,0.007422745
processed_full/fissure_playground_1/fissure-playground-1-3dmax-vs-lynn-vision-bo3-0ZNMTlQ0ZfadRgwA0Ax5fN/3dmax-vs-lynn-vision-m2-anubis.csv,14,131609,95.5,1,0.5922937393188477,0.5899077,-0.00017118453979492188,0.0024569035
processed_full/fissure_playground_1/fissure-playground-1-3dmax-vs-lynn-vision-bo3-0ZNMTlQ0ZfadRgwA0Ax5fN/3dmax-vs-lynn-vision-m2-anubis.csv,14,131641,96.0,1,0.5884157419204712,0.5835711,-0.003877997398376465,-0.0063366294
processed_full/fissure_playground_1/fissure-playground-1-3dmax-vs-lynn-vision-bo3-0ZNMTlQ0ZfadRgwA0Ax5fN/3dmax-vs-lynn-vision-m2-anubis.csv,14,131673,96.5,1,0.5816781520843506,0.5838089,-0.0067375898361206055,0.00023782253
processed_full/fissure_playground_1/fissure-playground-1-3dmax-vs-lynn-vision-bo3-0ZNMTlQ0ZfadRgwA0Ax5fN/3dmax-vs-lynn-vision-m2-anubis.csv,14,131705,97.0,1,0.5883803963661194,0.58696485,0.006702244281768799,0.0031559467
processed_full/fissure_playground_1/fissure-playground-1-3dmax-vs-lynn-vision-bo3-0ZNMTlQ0ZfadRgwA0Ax5fN/3dmax-vs-lynn-vision-m2-anubis.csv,14,131737,97.5,1,0.5906156897544861,0.5907885,0.0022352933883666992,0.003823638
processed_full/fissure_playground_1/fissure-playground-1-3dmax-vs-lynn-vision-bo3-0ZNMTlQ0ZfadRgwA0Ax5fN/3dmax-vs-lynn-vision-m2-anubis.csv,14,131769,98.0,1,0.598078727722168,0.59782594,0.007463037967681885,0.007037461
processed_full/fissure_playground_1/fissure-playground-1-3dmax-vs-lynn-vision-bo3-0ZNMTlQ0ZfadRgwA0Ax5fN/3dmax-vs-lynn-vision-m2-anubis.csv,14,131801,98.5,1,0.6181777715682983,0.6147249,0.02009904384613037,0.01689893
processed_full/fissure_playground_1/fissure-playground-1-3dmax-vs-lynn-vision-bo3-0ZNMTlQ0ZfadRgwA0Ax5fN/3dmax-vs-lynn-vision-m2-anubis.csv,14,131833,99.0,1,0.6402915120124817,0.63649046,0.02211374044418335,0.02176559
processed_full/fissure_playground_1/fissure-playground-1-3dmax-vs-lynn-vision-bo3-0ZNMTlQ0ZfadRgwA0Ax5fN/3dmax-vs-lynn-vision-m2-anubis.csv,14,131865,99.5,1,0.6469027996063232,0.6450347,0.006611287593841553,0.008544207
processed_full/fissure_playground_1/fissure-playground-1-3dmax-vs-lynn-vision-bo3-0ZNMTlQ0ZfadRgwA0Ax5fN/3dmax-vs-lynn-vision-m2-anubis.csv,14,131897,100.0,1,0.6478291749954224,0.6498691,0.0009263753890991211,0.0048344135
processed_full/fissure_playground_1/fissure-playground-1-3dmax-vs-lynn-vision-bo3-0ZNMTlQ0ZfadRgwA0Ax5fN/3dmax-vs-lynn-vision-m2-anubis.csv,14,131929,100.5,1,0.6486889123916626,0.6470401,0.0008597373962402344,-0.0028289557
processed_full/fissure_playground_1/fissure-playground-1-3dmax-vs-lynn-vision-bo3-0ZNMTlQ0ZfadRgwA0Ax5fN/3dmax-vs-lynn-vision-m2-anubis.csv,14,131961,101.0,1,0.6519526243209839,0.6536062,0.003263711929321289,0.0065660477
processed_full/fissure_playground_1/fissure-playground-1-3dmax-vs-lynn-vision-bo3-0ZNMTlQ0ZfadRgwA0Ax5fN/3dmax-vs-lynn-vision-m2-anubis.csv,14,131993,101.5,1,0.6507235169410706,0.65206736,-0.00122910737991333,-0.0015388131
